DateTime,Temperature,Humidity,Wind Speed,general diffuse flows,diffuse flows,Zone 1 Power Consumption,Zone 2  Power Consumption,Zone 3  Power Consumption
11/24/2017 14:20,17.56,42.34,4.917,453.8,31.56,29784.61538,25211.15702,9571.084337
11/24/2017 14:30,17.64,43.68,4.916,440.8,31.44,29803.07692,25348.76033,9495.903614
11/24/2017 14:40,17.78,43.64,4.915,426.1,31.94,29532.30769,25378.5124,9576.86747
11/24/2017 14:50,17.95,43.41,4.915,410.8,31.62,29729.23077,25553.30579,9652.048193
11/24/2017 15:00,18.17,41.74,4.925,393.6,30.64,29790.76923,25642.56198,9547.951807
11/24/2017 15:10,18.25,42.64,4.917,375.0,30.04,29723.07692,25319.00826,9461.204819
11/24/2017 15:20,18.42,41.98,4.918,355.3,29.74,29335.38462,25170.24793,9513.253012
11/24/2017 15:30,18.54,42.58,4.915,333.5,29.71,29440.0,25270.66116,9594.216867
11/24/2017 15:40,18.45,42.44,4.914,311.6,29.07,29470.76923,24980.57851,9576.86747
11/24/2017 15:50,18.42,42.64,4.92,288.9,31.48,29070.76923,24857.85124,9513.253012
11/24/2017 16:00,18.47,42.94,4.917,263.5,40.97,28923.07692,24794.6281,9466.987952
11/24/2017 16:10,18.5,43.31,4.911,239.3,73.8,29101.53846,24668.18182,9414.939759
11/24/2017 16:20,18.49,43.74,4.914,214.1,131.6,29187.69231,24340.90909,9536.385542
11/24/2017 16:30,18.34,44.44,4.913,189.7,180.8,29458.46154,24538.01653,9773.493976
11/24/2017 16:40,18.21,44.64,4.915,165.7,189.2,29827.69231,24999.17355,10103.13253
11/24/2017 16:50,18.09,46.31,4.915,141.6,171.0,30080.0,25553.30579,10727.71084
11/24/2017 17:00,17.9,48.18,4.919,118.5,146.5,30972.30769,26274.79339,12028.91566
11/24/2017 17:10,17.65,50.08,4.915,96.0,120.2,32295.38462,27933.47107,14029.87952
11/24/2017 17:20,17.41,52.22,4.916,75.8,96.2,35704.61538,30748.76033,15198.07229
11/24/2017 17:30,17.26,52.82,4.921,56.07,71.8,37778.46154,32511.57025,15585.54217
11/24/2017 17:40,17.11,54.29,4.92,26.93,31.98,38707.69231,32939.2562,15730.12048
11/24/2017 17:50,16.86,54.62,4.921,9.89,9.68,38781.53846,33288.84298,15955.66265
11/24/2017 18:00,16.86,54.29,4.921,6.094,5.935,38867.69231,32969.00826,16082.89157
11/24/2017 18:10,16.81,54.39,4.922,2.992,2.94,39446.15385,33180.99174,16325.78313
11/24/2017 18:20,16.79,54.39,4.917,0.889,0.934,39396.92308,33340.90909,16383.61446
11/24/2017 18:30,16.78,54.49,4.92,0.219,0.115,39458.46154,33482.2314,16314.21687
11/24/2017 18:40,16.82,54.49,4.918,0.102,0.037,38892.30769,33511.98347,16273.73494
11/24/2017 18:50,16.73,55.09,4.916,0.091,0.033,38541.53846,33102.89256,16186.98795
11/24/2017 19:00,16.78,55.26,4.916,0.04,0.052,38461.53846,32652.89256,16192.77108
11/24/2017 19:10,16.8,56.22,4.92,0.07,0.037,38701.53846,32697.52066,16337.3494
11/24/2017 19:20,16.64,56.69,4.918,0.055,0.044,38769.23077,32749.58678,16221.68675
11/24/2017 19:30,16.58,57.22,4.918,0.073,0.041,38332.30769,32437.19008,16192.77108
11/24/2017 19:40,16.57,57.59,4.92,0.084,0.044,37932.30769,32262.39669,16129.15663
11/24/2017 19:50,16.75,57.22,4.921,0.04,0.037,37796.92308,31823.55372,16146.50602
11/24/2017 20:00,16.89,56.39,4.915,0.059,0.052,37772.30769,31838.42975,16320.0
11/24/2017 20:10,16.79,56.39,4.919,0.037,0.044,38147.69231,32154.54545,16314.21687
11/24/2017 20:20,16.64,57.02,4.919,0.073,0.044,38227.69231,32247.52066,16343.13253
11/24/2017 20:30,16.62,57.16,4.921,0.066,0.041,38092.30769,31823.55372,16337.3494
11/24/2017 20:40,16.27,59.36,4.92,0.059,0.052,37895.38462,31812.39669,16348.91566
11/24/2017 20:50,15.61,61.19,4.918,0.055,0.082,37390.76923,31581.81818,16215.90361
11/24/2017 21:00,15.41,62.13,4.914,0.08,0.059,37021.53846,31399.58678,16094.45783
11/24/2017 21:10,16.1,62.0,4.916,0.059,0.033,36941.53846,31124.38017,16117.59036
11/24/2017 21:20,16.54,59.53,4.923,0.055,0.041,36750.76923,31038.84298,16013.49398
11/24/2017 21:30,16.57,59.16,4.925,0.051,0.037,36270.76923,30629.75207,15805.3012
11/24/2017 21:40,16.92,57.96,4.923,0.08,0.037,35747.69231,29867.35537,15568.19277
11/24/2017 21:50,16.83,58.53,4.926,0.044,0.037,35341.53846,29406.19835,15261.68675
11/24/2017 22:00,16.95,57.62,4.918,0.048,0.048,34929.23077,28833.47107,14955.18072
11/24/2017 22:10,16.91,57.32,4.916,0.051,0.067,34553.84615,28268.18182,14793.25301
11/24/2017 22:20,17.12,55.26,4.925,0.048,0.056,33969.23077,27747.52066,14712.28916
11/24/2017 22:30,17.14,53.45,3.011,0.059,0.059,33366.15385,27494.6281,14359.51807
11/24/2017 22:40,17.23,52.99,0.078,0.073,0.1,32701.53846,26791.73554,14081.92771
11/24/2017 22:50,17.24,52.75,0.076,0.048,0.041,32043.07692,26334.29752,14029.87952
11/24/2017 23:00,17.24,52.72,0.079,0.051,0.056,31495.38462,25802.47934,13839.03614
11/24/2017 23:10,17.22,52.62,0.079,0.073,0.056,30720.0,25575.61983,13659.75904
11/24/2017 23:20,17.24,52.65,0.076,0.066,0.052,30030.76923,25036.36364,13370.60241
11/24/2017 23:30,17.22,53.52,0.078,0.048,0.078,29144.61538,24359.50413,13012.04819
11/24/2017 23:40,17.39,52.92,0.076,0.07,0.07,28486.15385,23686.36364,12607.22892
11/24/2017 23:50,17.39,52.72,0.077,0.059,0.096,27950.76923,23054.13223,12370.12048
11/25/2017 0:00,17.41,52.69,0.075,0.091,0.056,27212.30769,22429.33884,12248.6747
11/25/2017 0:10,17.36,53.35,0.078,0.062,0.033,26664.61538,21819.42149,12190.84337
11/25/2017 0:20,17.31,53.92,0.075,0.08,0.056,25981.53846,21228.09917,11942.16867
11/25/2017 0:30,17.36,53.92,0.075,0.08,0.074,25569.23077,20971.4876,11745.54217
11/25/2017 0:40,17.36,54.09,0.08,0.051,0.067,25120.0,20432.2314,11716.62651
11/25/2017 0:50,17.33,54.22,0.075,0.044,0.089,24701.53846,19773.96694,11300.24096
11/25/2017 1:00,17.32,54.52,0.078,0.088,0.082,24356.92308,19580.57851,11138.31325
11/25/2017 1:10,17.34,54.75,0.075,0.048,0.059,23575.38462,19297.93388,10727.71084
11/25/2017 1:20,17.44,54.55,0.078,0.062,0.056,23280.0,18814.46281,10617.83133
11/25/2017 1:30,17.5,54.59,0.078,0.077,0.063,23138.46154,18732.64463,10513.73494
11/25/2017 1:40,17.45,54.45,0.078,0.051,0.067,23193.84615,18316.1157,10473.25301
11/25/2017 1:50,17.51,54.49,0.077,0.066,0.07,23163.07692,18119.00826,10293.9759
11/25/2017 2:00,17.53,54.45,0.079,0.062,0.063,22793.84615,17888.42975,10114.6988
11/25/2017 2:10,17.5,54.25,0.077,0.051,0.085,22443.07692,17661.57025,10016.38554
11/25/2017 2:20,17.56,53.99,0.077,0.073,0.067,22449.23077,17401.23967,10004.81928
11/25/2017 2:30,17.49,53.72,0.076,0.055,0.085,22203.07692,17204.13223,10039.51807
11/25/2017 2:40,17.7,52.99,0.077,0.059,0.089,22190.76923,17163.22314,9964.337349
11/25/2017 2:50,17.76,52.69,0.078,0.04,0.074,22258.46154,17014.46281,9871.807229
11/25/2017 3:00,17.77,52.55,0.075,0.048,0.093,22067.69231,16861.98347,9813.975904
11/25/2017 3:10,17.74,52.02,0.079,0.07,0.082,21827.69231,16832.2314,9790.843373
11/25/2017 3:20,17.79,51.92,0.077,0.062,0.082,21840.0,16802.47934,9854.457831
11/25/2017 3:30,17.82,52.45,0.077,0.08,0.074,21661.53846,16724.38017,9727.228916
11/25/2017 3:40,17.94,51.68,0.078,0.066,0.059,21680.0,16843.38843,9704.096386
11/25/2017 3:50,17.9,51.32,0.076,0.102,0.052,21753.84615,16951.23967,9704.096386
11/25/2017 4:00,16.93,57.59,0.08,0.055,0.056,21698.46154,16932.64463,9675.180723
11/25/2017 4:10,16.97,56.62,0.08,0.08,0.082,21796.92308,16932.64463,9692.53012
11/25/2017 4:20,16.77,57.29,0.076,0.022,0.133,21661.53846,16854.54545,9761.927711
11/25/2017 4:30,16.31,58.53,0.078,0.066,0.078,21692.30769,16869.42149,9652.048193
11/25/2017 4:40,15.97,60.49,0.078,0.044,0.1,21723.07692,16899.17355,9652.048193
11/25/2017 4:50,14.47,62.43,0.075,0.059,0.048,21661.53846,17226.44628,9767.710843
11/25/2017 5:00,14.22,63.5,0.078,0.066,0.052,21680.0,17282.2314,9906.506024
11/25/2017 5:10,14.03,64.26,0.078,0.059,0.093,22024.61538,17364.04959,9929.638554
11/25/2017 5:20,14.02,64.46,0.077,0.055,0.115,22320.0,17352.89256,9993.253012
11/25/2017 5:30,13.95,64.86,0.076,0.048,0.1,23107.69231,17959.09091,10184.09639
11/25/2017 5:40,14.45,67.0,0.075,0.084,0.089,23033.84615,18003.71901,10085.78313
11/25/2017 5:50,14.78,65.9,0.075,0.044,0.082,22806.15385,17962.80992,10126.26506
11/25/2017 6:00,14.49,64.3,0.076,0.048,0.059,22523.07692,18185.95041,9790.843373
11/25/2017 6:10,14.22,65.43,0.079,0.048,0.056,22412.30769,18282.64463,9617.349398
11/25/2017 6:20,14.68,66.2,0.078,0.044,0.07,22123.07692,17921.90083,9414.939759
11/25/2017 6:30,15.2,64.73,0.076,0.077,0.074,21532.30769,17479.33884,9154.698795
11/25/2017 6:40,16.05,63.43,0.075,0.048,0.082,20627.69231,16947.52066,8564.819277
11/25/2017 6:50,15.52,65.27,0.077,0.059,0.067,19569.23077,16769.00826,7911.325301
11/25/2017 7:00,15.62,63.16,0.078,0.059,0.048,19803.07692,16471.4876,7419.759036
11/25/2017 7:10,15.28,64.26,0.076,0.062,0.07,20178.46154,16400.82645,7223.13253
11/25/2017 7:20,15.28,63.53,0.078,0.073,0.059,20455.38462,16545.86777,7246.26506
11/25/2017 7:30,14.44,65.77,0.077,0.044,0.085,20461.53846,16408.26446,7130.60241
11/25/2017 7:40,14.18,66.27,0.076,0.249,0.23,20713.84615,16341.32231,7003.373494
11/25/2017 7:50,14.95,66.3,0.077,1.288,1.22,20806.15385,16359.91736,6795.180723
11/25/2017 8:00,15.38,63.4,0.076,3.815,3.666,21556.92308,17163.22314,6986.024096
11/25/2017 8:10,15.19,65.5,0.077,8.03,7.64,22221.53846,17773.1405,7113.253012
11/25/2017 8:20,15.95,64.76,0.078,25.24,12.71,23218.46154,18308.67769,7425.542169
11/25/2017 8:30,16.87,60.23,0.078,61.49,18.05,23950.76923,18970.66116,7604.819277
11/25/2017 8:40,15.78,63.63,0.08,84.3,21.27,24116.92308,19476.44628,7610.60241
11/25/2017 8:50,15.39,64.73,0.079,108.3,23.71,24689.23077,19807.43802,7749.39759
11/25/2017 9:00,15.16,64.8,0.078,133.0,25.63,25255.38462,20476.8595,7992.289157
11/25/2017 9:10,16.28,63.63,0.076,158.7,26.99,25667.69231,20711.15702,8235.180723
11/25/2017 9:20,17.33,57.52,0.082,183.8,28.27,26147.69231,21570.24793,8443.373494
11/25/2017 9:30,17.62,55.29,0.08,209.7,29.72,26738.46154,21871.4876,8576.385542
11/25/2017 9:40,17.93,54.02,0.081,235.2,30.75,27520.0,22187.60331,8726.746988
11/25/2017 9:50,18.21,52.15,0.078,259.4,31.56,27944.61538,22752.89256,9033.253012
11/25/2017 10:00,18.35,50.92,0.081,284.4,32.33,28240.0,23061.57025,9108.433735
11/25/2017 10:10,18.34,51.48,0.079,308.3,33.31,28492.30769,23199.17355,9079.518072
11/25/2017 10:20,18.31,51.52,0.081,331.5,34.19,28892.30769,23507.85124,9160.481928
11/25/2017 10:30,18.38,51.92,0.081,353.1,35.11,29267.69231,23701.23967,9218.313253
11/25/2017 10:40,18.46,52.49,0.077,376.2,35.63,29520.0,24121.4876,9409.156627
11/25/2017 10:50,18.5,53.62,0.081,396.9,35.96,29427.69231,24162.39669,9565.301205
11/25/2017 11:00,18.57,53.69,0.078,414.4,36.75,29864.61538,24623.55372,9634.698795
11/25/2017 11:10,18.68,53.32,0.081,429.0,37.78,30326.15385,24787.19008,9588.433735
11/25/2017 11:20,18.81,53.19,0.081,444.8,39.22,30276.92308,25211.15702,9785.060241
11/25/2017 11:30,18.82,52.79,0.082,459.9,41.09,30449.23077,25229.75207,9744.578313
11/25/2017 11:40,19.06,52.12,0.08,473.1,40.12,30916.92308,25605.3719,10016.38554
11/25/2017 11:50,19.07,52.09,0.08,484.5,40.0,30652.30769,25501.23967,9952.771084
11/25/2017 12:00,19.34,52.25,0.079,493.3,40.44,30615.38462,25542.14876,9952.771084
11/25/2017 12:10,19.4,51.68,0.082,500.1,39.99,30467.69231,25668.59504,10016.38554
11/25/2017 12:20,19.36,51.52,0.08,508.0,39.84,30455.38462,25676.03306,10166.74699
11/25/2017 12:30,19.7,51.32,0.081,514.9,41.53,30547.69231,26174.38017,10299.75904
11/25/2017 12:40,19.68,49.55,0.082,525.2,47.8,30516.92308,26245.04132,10357.59036
11/25/2017 12:50,19.97,48.55,0.082,519.6,66.64,30572.30769,26055.3719,10357.59036
11/25/2017 13:00,20.06,48.55,0.083,509.4,96.7,30996.92308,25973.55372,10293.9759
11/25/2017 13:10,19.97,48.45,4.252,424.1,76.8,30873.84615,25995.86777,10346.0241
11/25/2017 13:20,20.06,47.91,4.918,543.6,82.2,31089.23077,26248.76033,10386.50602
11/25/2017 13:30,20.35,47.25,4.918,423.5,87.9,31298.46154,26100.0,10502.16867
11/25/2017 13:40,20.11,48.62,0.88,476.5,82.9,31298.46154,26107.43802,10351.80723
11/25/2017 13:50,20.09,48.98,0.085,511.8,73.9,30929.23077,26148.34711,10270.84337
11/25/2017 14:00,20.17,49.28,0.082,459.1,59.77,31138.46154,26267.35537,10305.54217
11/25/2017 14:10,20.02,49.98,0.077,460.1,50.02,31200.0,26665.28926,10398.07229
11/25/2017 14:20,20.08,50.48,0.077,462.6,46.24,31218.46154,26416.1157,10317.10843
11/25/2017 14:30,20.1,50.75,0.081,447.1,44.0,31206.15385,26375.20661,10241.92771
11/25/2017 14:40,20.06,49.65,0.078,432.3,42.2,30849.23077,26211.57025,10236.14458
11/25/2017 14:50,19.88,50.35,0.077,413.4,40.38,30387.69231,25880.57851,10398.07229
11/25/2017 15:00,19.88,49.78,0.085,391.5,39.64,29963.07692,25605.3719,10525.3012
11/25/2017 15:10,19.99,49.38,0.084,373.4,37.74,30295.38462,25423.1405,10531.08434
11/25/2017 15:20,20.01,49.58,0.081,351.5,37.11,30246.15385,25341.32231,10461.68675
11/25/2017 15:30,20.11,49.18,0.086,333.4,35.92,29747.69231,25069.83471,10322.89157
11/25/2017 15:40,20.0,48.68,0.082,309.2,36.17,29926.15385,25025.20661,10317.10843
11/25/2017 15:50,19.97,48.31,0.081,286.8,36.48,30036.92308,25285.53719,10189.87952
11/25/2017 16:00,19.87,48.38,0.078,262.4,43.08,29741.53846,24712.80992,10004.81928
11/25/2017 16:10,19.77,48.48,0.077,235.3,65.83,29236.92308,24567.7686,10022.16867
11/25/2017 16:20,19.74,47.91,0.078,213.6,116.7,29593.84615,24604.95868,10039.51807
11/25/2017 16:30,19.72,48.64,0.079,187.7,167.5,30153.84615,24898.76033,10195.66265
11/25/2017 16:40,19.6,49.11,0.083,163.1,180.9,30916.92308,25449.17355,10652.53012
11/25/2017 16:50,19.58,49.17,0.08,139.0,165.3,31218.46154,25880.57851,11282.89157
11/25/2017 17:00,19.48,49.54,0.077,116.7,142.2,31476.92308,26654.13223,12763.37349
11/25/2017 17:10,19.37,50.34,1.995,94.5,116.5,32861.53846,28327.68595,14359.51807
11/25/2017 17:20,19.27,50.38,4.827,73.0,91.2,35686.15385,30109.09091,15383.13253
11/25/2017 17:30,19.13,51.21,4.898,52.95,66.53,37630.76923,31730.57851,16013.49398
11/25/2017 17:40,18.85,52.74,3.19,26.41,30.5,38147.69231,32065.28926,16117.59036
11/25/2017 17:50,18.51,53.41,1.535,11.76,11.84,38190.76923,32258.67769,16331.56627
11/25/2017 18:00,18.4,53.58,4.925,7.03,7.02,38203.07692,32284.71074,16406.74699
11/25/2017 18:10,18.31,53.77,4.925,3.723,3.762,38516.92308,32615.70248,16510.84337
11/25/2017 18:20,18.14,54.74,4.923,1.236,1.208,38301.53846,32173.1405,16487.71084
11/25/2017 18:30,18.01,56.68,4.919,0.165,0.096,38307.69231,31879.33884,16343.13253
11/25/2017 18:40,17.89,59.25,4.921,0.073,0.03,38178.46154,31987.19008,16429.87952
11/25/2017 18:50,17.6,61.55,4.922,0.062,0.022,38184.61538,32039.2562,16383.61446
11/25/2017 19:00,17.3,62.08,4.92,0.051,0.048,38240.0,31786.36364,16458.79518
11/25/2017 19:10,17.24,62.45,4.921,0.062,0.041,38227.69231,31901.65289,16510.84337
11/25/2017 19:20,17.04,63.32,4.923,0.059,0.033,38129.23077,31842.14876,16412.53012
11/25/2017 19:30,16.99,63.65,4.92,0.051,0.044,38080.0,31578.09917,16366.26506
11/25/2017 19:40,16.83,64.49,4.923,0.055,0.033,37784.61538,31652.47934,16285.3012
11/25/2017 19:50,16.67,64.82,4.925,0.059,0.041,37698.46154,31570.66116,16360.48193
11/25/2017 20:00,16.63,65.12,4.915,0.055,0.033,37606.15385,31358.67769,16308.43373
11/25/2017 20:10,16.55,65.42,4.917,0.059,0.059,37532.30769,31395.86777,16314.21687
11/25/2017 20:20,16.39,65.78,4.918,0.062,0.048,37390.76923,31191.32231,16285.3012
11/25/2017 20:30,16.28,66.65,4.918,0.073,0.048,37341.53846,31068.59504,16296.86747
11/25/2017 20:40,16.17,66.72,4.919,0.04,0.044,37126.15385,31187.60331,16308.43373
11/25/2017 20:50,16.02,68.52,4.92,0.048,0.07,36707.69231,30771.07438,16204.33735
11/25/2017 21:00,15.87,69.96,4.915,0.033,0.107,36467.69231,30302.47934,14093.49398
11/25/2017 21:10,15.46,70.1,4.919,0.059,0.082,36344.61538,30150.0,15805.3012
11/25/2017 21:20,15.45,69.05,4.922,0.055,0.067,36036.92308,29752.06612,15620.24096
11/25/2017 21:30,15.58,67.45,4.923,0.069,0.067,35809.23077,29532.64463,15591.3253
11/25/2017 21:40,15.48,68.09,4.919,0.048,0.059,35150.76923,28785.12397,15354.21687
11/25/2017 21:50,15.46,69.32,4.922,0.055,0.07,35083.07692,28178.92562,15348.43373
11/25/2017 22:00,15.33,70.2,4.92,0.066,0.044,35015.38462,27963.22314,14995.66265
11/25/2017 22:10,15.18,69.32,4.919,0.044,0.07,34572.30769,27914.87603,14885.78313
11/25/2017 22:20,14.96,68.66,4.922,0.051,0.048,34166.15385,27394.21488,14810.60241
11/25/2017 22:30,14.74,69.56,4.919,0.051,0.056,33575.38462,27119.00826,14683.37349
11/25/2017 22:40,14.88,69.49,4.919,0.066,0.063,33366.15385,26687.60331,14492.53012
11/25/2017 22:50,14.78,68.42,4.921,0.037,0.096,32529.23077,25884.29752,14000.96386
11/25/2017 23:00,14.46,68.66,4.914,0.059,0.078,31846.15385,25378.5124,13856.38554
11/25/2017 23:10,14.54,67.69,4.919,0.066,0.063,31070.76923,24906.19835,13549.87952
11/25/2017 23:20,14.44,67.95,4.918,0.059,0.067,30486.15385,24392.97521,13353.25301
11/25/2017 23:30,14.52,68.89,4.917,0.051,0.078,29409.23077,23991.32231,13093.01205
11/25/2017 23:40,14.35,70.9,4.924,0.048,0.093,28830.76923,23202.89256,12826.98795
11/25/2017 23:50,14.17,71.5,4.922,0.069,0.089,28240.0,22674.79339,12393.25301
11/26/2017 0:00,14.1,72.0,4.914,0.055,0.082,27575.38462,22064.87603,11959.51807
11/26/2017 0:10,14.14,70.2,4.92,0.062,0.082,26738.46154,21213.22314,11618.31325
11/26/2017 0:20,13.99,70.7,4.92,0.059,0.107,26129.23077,20662.80992,11439.03614
11/26/2017 0:30,13.93,70.6,4.922,0.062,0.082,25433.84615,20305.78512,11242.40964
11/26/2017 0:40,13.77,71.8,4.92,0.037,0.07,25280.0,19997.10744,10987.95181
11/26/2017 0:50,14.05,71.8,4.923,0.04,0.107,24843.07692,19357.43802,10872.28916
11/26/2017 1:00,13.83,70.6,4.915,0.04,0.078,24676.92308,19126.8595,10750.84337
11/26/2017 1:10,13.44,71.4,4.919,0.055,0.107,24381.53846,18688.01653,10716.14458
11/26/2017 1:20,13.24,72.9,4.919,0.044,0.074,24400.0,18624.79339,10646.74699
11/26/2017 1:30,13.22,74.0,4.918,0.059,0.122,24049.23077,18211.98347,10380.72289
11/26/2017 1:40,13.09,75.0,4.923,0.066,0.078,23458.46154,17825.20661,10282.40964
11/26/2017 1:50,13.11,74.8,4.92,0.062,0.074,23070.76923,17442.14876,10276.62651
11/26/2017 2:00,13.39,74.3,4.916,0.051,0.119,22873.84615,17259.91736,10282.40964
11/26/2017 2:10,13.24,73.4,4.92,0.08,0.1,22744.61538,17051.65289,10160.96386
11/26/2017 2:20,13.17,74.2,4.922,0.022,0.07,22516.92308,16936.36364,10097.3494
11/26/2017 2:30,13.21,73.0,4.917,0.037,0.111,22332.30769,16679.75207,10051.08434
11/26/2017 2:40,13.23,73.0,4.92,0.059,0.067,22369.23077,16583.05785,9981.686747
11/26/2017 2:50,13.4,72.6,4.916,0.062,0.067,22307.69231,16430.57851,9970.120482
11/26/2017 3:00,13.28,72.6,4.916,0.048,0.122,22258.46154,16397.10744,9837.108434
11/26/2017 3:10,13.16,73.3,4.918,0.08,0.089,22264.61538,16374.79339,9819.759036
11/26/2017 3:20,13.11,73.0,4.919,0.059,0.111,22080.0,16255.78512,9808.192771
11/26/2017 3:30,13.13,72.5,4.917,0.033,0.115,22043.07692,16229.75207,9767.710843
11/26/2017 3:40,13.17,71.3,4.921,0.055,0.07,21981.53846,16319.00826,9773.493976
11/26/2017 3:50,12.98,71.7,4.922,0.051,0.085,21698.46154,16069.83471,9565.301205
11/26/2017 4:00,12.81,72.5,4.919,0.051,0.096,21667.69231,15854.13223,9484.337349
11/26/2017 4:10,12.89,72.7,4.918,0.051,0.133,21710.76923,16021.4876,9628.915663
11/26/2017 4:20,12.46,74.7,4.919,0.051,0.082,21716.92308,16069.83471,9675.180723
11/26/2017 4:30,12.14,74.7,4.92,0.051,0.082,21741.53846,16147.93388,9686.746988
11/26/2017 4:40,12.08,74.4,4.918,0.026,0.093,21680.0,16099.58678,9634.698795
11/26/2017 4:50,12.01,74.6,4.921,0.044,0.085,21643.07692,16058.67769,9565.301205
11/26/2017 5:00,12.21,74.0,4.919,0.051,0.115,21815.38462,16203.71901,9605.783133
11/26/2017 5:10,12.19,74.4,4.923,0.051,0.089,21944.61538,16467.7686,9686.746988
11/26/2017 5:20,12.14,73.2,4.919,0.077,0.085,21938.46154,16281.81818,9894.939759
11/26/2017 5:30,12.14,72.6,4.919,0.07,0.07,22781.53846,16917.7686,10143.61446
11/26/2017 5:40,12.29,71.8,4.918,0.062,0.13,22756.92308,16988.42975,9958.554217
11/26/2017 5:50,12.27,71.2,4.915,0.026,0.133,22510.76923,16638.84298,9808.192771
11/26/2017 6:00,12.36,71.2,4.919,0.059,0.067,22116.92308,16631.40496,9611.566265
11/26/2017 6:10,12.45,70.8,4.917,0.033,0.122,22203.07692,16445.45455,9484.337349
11/26/2017 6:20,12.34,69.86,4.916,0.04,0.119,22061.53846,16125.61983,9206.746988
11/26/2017 6:30,12.08,72.4,4.916,0.026,0.13,21273.84615,15411.57025,8911.807229
11/26/2017 6:40,11.97,73.1,4.916,0.062,0.093,19963.07692,14437.19008,8217.831325
11/26/2017 6:50,12.04,72.9,4.914,0.062,0.078,19120.0,13853.30579,7460.240964
11/26/2017 7:00,12.05,72.4,4.925,0.066,0.141,18830.76923,13380.99174,6789.39759
11/26/2017 7:10,12.1,71.6,4.919,0.07,0.078,18892.30769,13113.22314,6656.385542
11/26/2017 7:20,12.02,71.8,4.918,0.044,0.093,18996.92308,12904.95868,6610.120482
11/26/2017 7:30,11.99,71.8,4.917,0.044,0.093,19421.53846,13005.3719,6534.939759
11/26/2017 7:40,12.12,71.0,4.917,0.198,0.23,19661.53846,13150.41322,6511.807229
11/26/2017 7:50,12.13,69.83,4.919,1.057,1.049,19784.61538,13202.47934,6586.987952
11/26/2017 8:00,12.12,69.57,4.917,3.42,3.277,20252.30769,13466.52893,6662.168675
11/26/2017 8:10,12.2,69.36,4.919,7.55,7.13,20553.84615,13715.70248,6743.13253
11/26/2017 8:20,12.27,69.83,4.926,20.18,12.15,20633.84615,14303.30579,6881.927711
11/26/2017 8:30,12.19,70.8,4.922,51.64,18.29,21107.69231,14623.1405,7061.204819
11/26/2017 8:40,11.9,71.7,4.921,74.5,22.32,21790.76923,14783.05785,7466.024096
11/26/2017 8:50,11.95,72.1,4.922,97.0,25.54,22486.15385,15311.15702,7645.301205
11/26/2017 9:00,12.43,71.8,4.922,121.1,27.94,22861.53846,15768.59504,7859.277108
11/26/2017 9:10,13.15,69.9,4.916,145.2,30.0,23452.30769,16378.5124,7963.373494
11/26/2017 9:20,13.74,66.73,4.922,171.4,31.48,23876.92308,16735.53719,8136.86747
11/26/2017 9:30,14.07,64.13,4.925,198.5,32.67,24473.84615,17036.77686,8524.337349
11/26/2017 9:40,14.47,61.73,4.924,224.5,33.77,25286.15385,17631.81818,8483.855422
11/26/2017 9:50,14.86,60.39,4.924,250.0,34.73,25569.23077,17996.28099,8506.987952
11/26/2017 10:00,15.3,59.76,4.927,274.7,35.63,26061.53846,18513.22314,8605.301205
11/26/2017 10:10,15.61,58.56,4.923,299.0,36.39,26695.38462,18888.84298,8848.192771
11/26/2017 10:20,15.86,58.49,4.921,322.6,36.59,27200.0,19320.24793,9015.903614
11/26/2017 10:30,16.29,57.49,4.918,343.2,37.18,27280.0,19747.93388,9108.433735
11/26/2017 10:40,16.64,57.16,4.924,364.9,37.1,27944.61538,20000.82645,9333.975904
11/26/2017 10:50,17.03,55.76,4.925,384.5,37.67,28418.46154,20458.26446,9432.289157
11/26/2017 11:00,17.43,55.39,4.922,402.9,37.65,28393.84615,20592.14876,9501.686747
11/26/2017 11:10,17.67,53.29,4.924,419.1,38.69,28886.15385,20923.1405,9582.650602
11/26/2017 11:20,17.77,52.72,4.927,434.8,38.76,29360.0,21179.75207,9854.457831
11/26/2017 11:30,17.95,52.02,4.921,449.9,38.56,29316.92308,21157.43802,9773.493976
11/26/2017 11:40,18.26,49.88,4.92,462.0,38.75,29243.07692,21142.56198,9935.421687
11/26/2017 11:50,18.69,48.88,4.924,473.0,39.37,29372.30769,21384.29752,10143.61446
11/26/2017 12:00,18.93,47.01,4.919,481.5,38.87,29501.53846,21480.99174,10311.3253
11/26/2017 12:10,19.15,45.88,4.926,489.4,38.74,29624.61538,21722.72727,10369.15663
11/26/2017 12:20,19.28,44.01,4.916,491.1,39.53,29729.23077,22142.97521,10386.50602
11/26/2017 12:30,19.32,44.38,4.919,496.8,40.35,29876.92308,22202.47934,10386.50602
11/26/2017 12:40,19.47,44.24,4.921,501.6,41.09,30313.84615,22280.57851,10473.25301
11/26/2017 12:50,19.7,43.98,4.923,504.2,41.94,30849.23077,22354.95868,10583.13253
11/26/2017 13:00,19.89,43.11,4.917,504.5,42.49,31076.92308,22440.49587,10554.21687
11/26/2017 13:10,20.32,42.94,4.918,503.6,43.17,30738.46154,22574.38017,10502.16867
11/26/2017 13:20,20.5,43.11,4.92,499.5,44.07,30584.61538,22421.90083,10467.46988
11/26/2017 13:30,20.37,44.21,4.918,494.9,44.92,30830.76923,22440.49587,10409.63855
11/26/2017 13:40,20.4,43.88,4.914,490.0,46.48,30898.46154,22552.06612,10507.95181
11/26/2017 13:50,20.63,43.34,4.919,482.1,48.86,30633.84615,22358.67769,10473.25301
11/26/2017 14:00,20.66,43.74,4.919,475.4,50.94,31083.07692,22436.77686,10479.03614
11/26/2017 14:10,20.65,42.84,4.914,471.6,55.43,30941.53846,22600.41322,10369.15663
11/26/2017 14:20,20.8,43.24,4.919,439.2,61.54,30338.46154,22503.71901,10484.81928
11/26/2017 14:30,20.93,43.01,4.918,442.5,63.05,30135.38462,22340.08264,10571.56627
11/26/2017 14:40,20.92,43.11,4.921,431.3,57.24,30024.61538,22183.8843,10646.74699
11/26/2017 14:50,21.08,42.34,4.924,407.9,53.82,29624.61538,22466.52893,10594.6988
11/26/2017 15:00,21.14,41.51,4.92,387.8,46.15,29378.46154,22280.57851,10872.28916
11/26/2017 15:10,21.18,41.41,4.922,368.5,44.75,29366.15385,22161.57025,10883.85542
11/26/2017 15:20,21.37,41.51,4.918,346.5,44.75,29175.38462,22142.97521,10756.62651
11/26/2017 15:30,21.49,41.91,4.918,326.2,44.35,28775.38462,21878.92562,10710.36145
11/26/2017 15:40,21.22,42.57,4.917,302.4,44.6,28744.61538,21763.63636,10496.38554
11/26/2017 15:50,21.25,42.81,4.917,274.8,45.7,29144.61538,21871.4876,10560.0
11/26/2017 16:00,21.12,44.11,4.918,256.4,47.42,29200.0,22358.67769,10432.77108
11/26/2017 16:10,21.0,44.67,4.917,223.7,56.68,29070.76923,22366.1157,10386.50602
11/26/2017 16:20,20.96,44.84,4.916,176.9,80.9,28683.07692,22094.6281,10288.19277
11/26/2017 16:30,20.66,45.78,4.916,137.4,109.8,28843.07692,22061.15702,10322.89157
11/26/2017 16:40,20.69,45.64,4.912,136.5,138.0,29403.07692,22362.39669,10716.14458
11/26/2017 16:50,20.54,46.57,4.914,131.1,148.3,29901.53846,22976.03306,11502.6506
11/26/2017 17:00,20.38,47.27,4.92,109.4,128.8,30787.69231,23902.06612,12861.68675
11/26/2017 17:10,20.23,48.21,4.925,89.1,106.1,32160.0,25575.61983,14718.07229
11/26/2017 17:20,20.05,49.14,4.919,68.86,82.4,35347.69231,27933.47107,15602.89157
11/26/2017 17:30,19.91,50.08,4.39,49.5,59.05,37113.84615,29082.64463,15961.44578
11/26/2017 17:40,19.7,51.21,4.921,25.68,28.05,37889.23077,29328.09917,16314.21687
11/26/2017 17:50,19.42,51.78,4.921,13.19,13.06,38276.92308,29781.81818,16551.3253
11/26/2017 18:00,19.23,52.71,2.461,7.14,7.08,38560.0,29882.2314,16493.49398
11/26/2017 18:10,18.94,54.58,0.081,2.916,2.921,38473.84615,30008.67769,16360.48193
11/26/2017 18:20,18.52,55.95,1.672,0.786,0.897,38590.76923,30027.27273,16325.78313
11/26/2017 18:30,18.19,58.05,0.75,0.205,0.111,38381.53846,30176.03306,16377.83133
11/26/2017 18:40,18.03,59.72,3.026,0.07,0.03,38184.61538,30216.94215,16568.6747
11/26/2017 18:50,17.87,60.92,4.921,0.084,0.048,38240.0,30019.83471,16487.71084
11/26/2017 19:00,17.79,61.92,4.917,0.055,0.044,38572.30769,30097.93388,16331.56627
11/26/2017 19:10,17.72,62.55,4.917,0.048,0.041,38633.84615,30161.15702,16331.56627
11/26/2017 19:20,17.66,63.19,4.924,0.055,0.044,38523.07692,30291.32231,16441.44578
11/26/2017 19:30,17.62,63.52,4.922,0.04,0.059,38572.30769,30194.6281,16470.36145
11/26/2017 19:40,17.45,64.05,4.923,0.069,0.033,38695.38462,30216.94215,16458.79518
11/26/2017 19:50,16.87,65.29,1.022,0.059,0.048,38713.84615,30224.38017,16412.53012
11/26/2017 20:00,16.75,65.89,0.086,0.04,0.089,38498.46154,30287.60331,16366.26506
11/26/2017 20:10,16.76,67.29,0.08,0.048,0.052,38313.84615,30105.3719,16412.53012
11/26/2017 20:20,16.62,69.19,0.081,0.059,0.085,37993.84615,30216.94215,16528.19277
11/26/2017 20:30,16.28,71.1,0.082,0.048,0.03,37778.46154,30109.09091,16377.83133
11/26/2017 20:40,15.96,72.9,0.081,0.048,0.1,37661.53846,30101.65289,16221.68675
11/26/2017 20:50,15.72,73.8,0.081,0.037,0.078,37298.46154,30008.67769,16013.49398
11/26/2017 21:00,15.61,75.0,0.082,0.055,0.07,36830.76923,29692.56198,15996.14458
11/26/2017 21:10,15.74,74.8,0.082,0.059,0.07,36535.38462,29584.71074,15984.57831
11/26/2017 21:20,15.6,75.3,0.08,0.066,0.07,36344.61538,29346.69421,15944.09639
11/26/2017 21:30,15.41,75.7,0.082,0.044,0.082,35944.61538,28844.6281,15620.24096
11/26/2017 21:40,15.12,76.1,0.079,0.033,0.104,35636.92308,28450.41322,15591.3253
11/26/2017 21:50,14.89,76.4,0.079,0.04,0.096,35366.15385,28472.72727,15429.39759
11/26/2017 22:00,14.33,76.6,0.079,0.037,0.07,34892.30769,28439.2562,15360.0
11/26/2017 22:10,13.85,76.8,0.078,0.048,0.104,34529.23077,28268.18182,15198.07229
11/26/2017 22:20,13.56,78.2,0.078,0.051,0.093,33987.69231,27937.19008,14764.33735
11/26/2017 22:30,13.38,78.8,0.082,0.08,0.052,33101.53846,27130.16529,14307.46988
11/26/2017 22:40,13.19,79.1,0.08,0.044,0.096,32369.23077,26561.15702,14076.14458
11/26/2017 22:50,13.33,79.0,0.079,0.066,0.085,31692.30769,25921.4876,13844.81928
11/26/2017 23:00,13.39,78.4,0.079,0.048,0.093,31046.15385,25359.91736,13538.31325
11/26/2017 23:10,13.39,78.6,0.078,0.044,0.1,30418.46154,24549.17355,13306.98795
11/26/2017 23:20,13.13,78.9,0.076,0.044,0.156,29760.0,24032.2314,13035.18072
11/26/2017 23:30,12.84,79.7,0.082,0.037,0.1,28978.46154,23400.0,12717.10843
11/26/2017 23:40,12.61,80.1,0.079,0.059,0.096,28024.61538,22622.72727,12468.43373
11/26/2017 23:50,12.28,80.6,0.081,0.055,0.074,27446.15385,21983.05785,12254.45783
11/27/2017 0:00,12.07,81.5,0.076,0.069,0.115,26898.46154,21451.23967,11890.12048
11/27/2017 0:10,12.01,81.8,0.08,0.044,0.122,26486.15385,21053.30579,11647.22892
11/27/2017 0:20,12.02,82.1,0.08,0.051,0.1,26215.38462,20450.82645,11433.25301
11/27/2017 0:30,12.04,81.8,0.079,0.069,0.137,25483.07692,20030.57851,11340.72289
11/27/2017 0:40,11.93,82.5,0.083,0.055,0.137,25255.38462,19628.92562,11219.27711
11/27/2017 0:50,12.0,82.8,0.08,0.062,0.115,24867.69231,19387.19008,11022.6506
11/27/2017 1:00,11.89,82.6,0.079,0.051,0.122,24424.61538,19067.35537,10860.72289
11/27/2017 1:10,11.66,83.3,0.081,0.059,0.107,24123.07692,18810.7438,10652.53012
11/27/2017 1:20,11.52,83.3,0.078,0.062,0.104,24067.69231,18535.53719,10635.18072
11/27/2017 1:30,11.43,83.2,0.078,0.04,0.115,23846.15385,18141.32231,10658.31325
11/27/2017 1:40,11.14,83.1,0.077,0.077,0.085,23735.38462,17988.84298,10450.12048
11/27/2017 1:50,10.73,84.0,0.078,0.04,0.13,23433.84615,17602.06612,10299.75904
11/27/2017 2:00,10.6,84.6,0.081,0.033,0.159,23230.76923,17430.99174,10207.22892
11/27/2017 2:10,10.53,84.9,0.084,0.044,0.096,22855.38462,17051.65289,10097.3494
11/27/2017 2:20,10.46,85.4,0.077,0.037,0.152,22560.0,16899.17355,10160.96386
11/27/2017 2:30,10.55,85.4,0.077,0.059,0.137,22387.69231,16798.76033,10004.81928
11/27/2017 2:40,10.64,85.4,0.08,0.062,0.074,22283.07692,16586.77686,9866.024096
11/27/2017 2:50,10.65,85.3,0.081,0.059,0.1,22166.15385,16542.14876,9796.626506
11/27/2017 3:00,10.6,85.1,0.077,0.048,0.13,22036.92308,16423.1405,9825.542169
11/27/2017 3:10,10.5,85.1,0.079,0.055,0.145,21840.0,16501.23967,9796.626506
11/27/2017 3:20,10.51,85.3,0.08,0.033,0.115,21538.46154,16304.13223,9617.349398
11/27/2017 3:30,10.47,85.2,0.079,0.044,0.115,21433.84615,16345.04132,9547.951807
11/27/2017 3:40,10.32,85.3,0.078,0.059,0.093,21661.53846,16252.06612,9524.819277
11/27/2017 3:50,10.23,85.4,0.08,0.044,0.137,21698.46154,16319.00826,9600.0
11/27/2017 4:00,10.16,85.5,0.08,0.044,0.182,21673.84615,16475.20661,9588.433735
11/27/2017 4:10,10.14,85.8,0.077,0.051,0.13,21753.84615,16464.04959,9432.289157
11/27/2017 4:20,10.17,86.2,0.084,0.037,0.13,21760.0,16404.54545,9495.903614
11/27/2017 4:30,10.16,86.3,0.086,0.055,0.107,21889.23077,16266.94215,9484.337349
11/27/2017 4:40,10.13,86.7,0.078,0.062,0.122,22098.46154,16698.34711,9628.915663
11/27/2017 4:50,10.06,87.0,0.084,0.04,0.104,22178.46154,16943.80165,9611.566265
11/27/2017 5:00,9.82,87.5,0.081,0.04,0.104,22363.07692,17140.90909,9605.783133
11/27/2017 5:10,9.86,87.6,0.08,0.037,0.156,22369.23077,17185.53719,9600.0
11/27/2017 5:20,9.76,87.9,0.081,0.033,0.189,22572.30769,17356.61157,9692.53012
11/27/2017 5:30,9.52,88.7,0.083,0.04,0.137,23298.46154,18040.90909,10022.16867
11/27/2017 5:40,9.9,88.9,0.083,0.055,0.145,23335.38462,18319.83471,10039.51807
11/27/2017 5:50,9.5,88.4,0.082,0.051,0.096,22929.23077,18241.73554,9825.542169
11/27/2017 6:00,9.28,88.5,0.079,0.033,0.13,22990.76923,18323.55372,9617.349398
11/27/2017 6:10,9.16,88.5,0.079,0.04,0.141,23052.30769,18349.58678,9466.987952
11/27/2017 6:20,8.96,88.5,0.084,0.066,0.1,22910.76923,18011.15702,9351.325301
11/27/2017 6:30,8.78,88.4,0.08,0.055,0.104,22664.61538,17962.80992,9166.26506
11/27/2017 6:40,8.66,88.7,0.08,0.04,0.093,22000.0,17676.44628,8553.253012
11/27/2017 6:50,8.67,88.6,0.08,0.048,0.141,21563.07692,17609.50413,7940.240964
11/27/2017 7:00,8.65,88.8,0.08,0.055,0.13,22227.69231,17951.65289,7546.987952
11/27/2017 7:10,8.68,88.7,0.082,0.051,0.111,22670.76923,18338.42975,7685.783133
11/27/2017 7:20,8.76,88.7,0.079,0.055,0.107,22984.61538,18453.71901,7627.951807
11/27/2017 7:30,8.62,88.6,0.081,0.051,0.167,23396.92308,18435.12397,7575.903614
11/27/2017 7:40,8.76,88.7,0.076,0.088,0.193,23723.07692,18565.28926,7385.060241
11/27/2017 7:50,9.01,88.5,0.079,0.399,0.385,23766.15385,18821.90083,7361.927711
11/27/2017 8:00,8.92,87.9,2.369,1.712,1.653,24227.69231,19483.8843,7714.698795
11/27/2017 8:10,8.74,88.1,4.918,4.682,4.589,25095.38462,19859.50413,7847.710843
11/27/2017 8:20,8.62,88.1,4.917,12.28,11.86,25846.15385,19967.35537,7836.144578
11/27/2017 8:30,8.38,88.7,4.916,31.94,23.04,25150.76923,20737.19008,8021.204819
11/27/2017 8:40,8.44,89.3,4.901,57.66,28.32,26603.07692,20763.22314,8102.168675
11/27/2017 8:50,8.85,89.3,0.53,86.7,39.17,26873.84615,21373.1405,8229.39759
11/27/2017 9:00,9.05,89.1,0.079,138.2,75.5,27575.38462,21774.79339,8431.807229
11/27/2017 9:10,9.11,89.3,0.078,173.6,84.6,26486.15385,22403.30579,8339.277108
11/27/2017 9:20,9.12,89.2,0.081,140.6,68.46,24098.46154,22548.34711,8535.903614
11/27/2017 9:30,8.71,89.3,0.081,87.8,67.57,24172.30769,22864.46281,9073.73494
11/27/2017 9:40,8.73,89.8,0.08,190.9,94.1,24480.0,22131.81818,9698.313253
11/27/2017 9:50,9.1,89.8,0.077,268.6,105.4,25046.15385,22671.07438,9750.361446
11/27/2017 10:00,9.07,89.6,0.081,260.4,94.2,25335.38462,23091.32231,9923.855422
11/27/2017 10:10,9.04,90.0,0.084,287.1,107.9,26227.69231,23861.15702,8877.108434
11/27/2017 10:20,9.29,90.4,0.082,308.9,69.27,26953.84615,23972.72727,9946.987952
11/27/2017 10:30,9.75,90.6,0.083,351.6,82.2,27323.07692,23954.13223,10311.3253
11/27/2017 10:40,10.38,90.3,0.081,442.3,172.0,27587.69231,24076.8595,10565.78313
11/27/2017 10:50,10.73,89.7,0.08,396.2,91.3,28116.92308,24195.86777,10669.87952
11/27/2017 11:00,10.98,89.0,0.082,401.7,73.5,28369.23077,24288.84298,11219.27711
11/27/2017 11:10,11.58,88.3,0.08,408.2,59.24,28596.92308,24538.01653,11653.01205
11/27/2017 11:20,12.28,86.6,0.082,423.4,55.51,28510.76923,24612.39669,11884.33735
11/27/2017 11:30,13.08,84.8,0.082,436.2,56.07,28627.69231,24549.17355,11913.25301
11/27/2017 11:40,13.74,82.6,0.081,448.3,56.83,28670.76923,24597.52066,11919.03614
11/27/2017 11:50,14.22,80.3,0.08,461.1,57.87,28596.92308,24761.15702,11866.98795
11/27/2017 12:00,15.11,78.9,0.08,471.6,59.2,28387.69231,24816.94215,11953.73494
11/27/2017 12:10,16.53,77.5,0.079,475.8,58.15,28744.61538,25062.39669,12167.71084
11/27/2017 12:20,17.26,74.6,0.068,474.9,65.21,28904.61538,25493.80165,12318.07229
11/27/2017 12:30,17.83,72.6,0.069,483.0,66.64,29015.38462,25713.22314,12237.10843
11/27/2017 12:40,18.23,71.5,0.072,482.5,66.74,29316.92308,26077.68595,12213.9759
11/27/2017 12:50,18.46,69.3,0.072,486.1,68.86,29606.15385,25817.35537,11959.51807
11/27/2017 13:00,18.62,68.54,0.072,490.4,75.7,29618.46154,25516.1157,11953.73494
11/27/2017 13:10,18.6,66.17,0.075,453.1,75.3,29741.53846,25765.28926,12028.91566
11/27/2017 13:20,18.75,65.43,0.071,407.4,70.5,29618.46154,25798.76033,12052.04819
11/27/2017 13:30,18.95,64.06,0.072,494.2,69.36,29236.92308,25623.96694,11907.46988
11/27/2017 13:40,19.09,63.46,0.073,475.3,71.6,29027.69231,25278.09917,11427.46988
11/27/2017 13:50,18.9,63.16,0.071,466.1,67.24,28800.0,26966.52893,10560.0
11/27/2017 14:00,19.07,64.2,0.073,460.0,64.03,28996.92308,26933.05785,10259.27711
11/27/2017 14:10,19.14,63.03,0.075,361.9,59.76,29218.46154,26713.63636,10160.96386
11/27/2017 14:20,19.07,62.8,0.074,417.3,57.54,29027.69231,26817.7686,10056.86747
11/27/2017 14:30,19.18,62.83,0.074,432.8,61.12,28332.30769,26635.53719,10143.61446
11/27/2017 14:40,18.93,62.36,0.074,418.4,61.44,28523.07692,26483.05785,10091.56627
11/27/2017 14:50,18.9,61.46,0.073,391.6,52.29,28578.46154,26654.13223,10160.96386
11/27/2017 15:00,19.03,61.53,0.075,380.5,47.81,28498.46154,26628.09917,9889.156627
11/27/2017 15:10,19.13,60.33,0.075,359.1,44.37,29772.30769,26854.95868,9946.987952
11/27/2017 15:20,19.25,60.96,0.075,341.8,40.34,30190.76923,27055.78512,10224.57831
11/27/2017 15:30,19.23,61.23,0.072,322.9,39.38,29821.53846,26903.30579,10282.40964
11/27/2017 15:40,19.15,61.69,0.073,303.0,37.55,29981.53846,26854.95868,10195.66265
11/27/2017 15:50,19.08,61.26,0.071,279.7,35.79,29710.76923,26732.2314,10016.38554
11/27/2017 16:00,18.96,61.39,0.07,256.6,34.85,29778.46154,26628.09917,9981.686747
11/27/2017 16:10,18.97,61.13,0.071,233.7,38.41,30572.30769,26970.24793,10207.22892
11/27/2017 16:20,19.04,60.73,0.074,208.3,54.61,30996.92308,26910.7438,10363.37349
11/27/2017 16:30,18.89,61.53,0.072,183.8,96.1,31446.15385,26761.98347,10467.46988
11/27/2017 16:40,18.85,62.53,0.071,158.4,140.4,32116.92308,26981.40496,10820.24096
11/27/2017 16:50,18.71,64.02,0.072,135.5,150.6,32584.61538,27554.13223,11259.75904
11/27/2017 17:00,18.55,65.72,0.073,112.0,134.3,33673.84615,28130.57851,12867.46988
11/27/2017 17:10,18.44,67.02,0.071,89.4,109.9,35464.61538,30231.81818,14833.73494
11/27/2017 17:20,18.27,68.16,0.072,69.79,87.2,38363.07692,32582.2314,15764.81928
11/27/2017 17:30,18.13,69.09,4.7,50.42,63.44,40203.07692,34006.61157,16088.6747
11/27/2017 17:40,17.96,70.7,4.924,23.95,27.39,40529.23077,34497.52066,16181.20482
11/27/2017 17:50,17.65,71.3,4.922,10.96,10.88,40966.15385,34553.30579,16320.0
11/27/2017 18:00,17.4,71.8,4.923,6.376,6.235,40664.61538,34300.41322,16470.36145
11/27/2017 18:10,17.03,72.0,4.927,2.849,2.847,40652.30769,34226.03306,16817.3494
11/27/2017 18:20,16.32,72.4,4.924,0.852,0.771,40541.53846,34133.05785,16707.46988
11/27/2017 18:30,15.7,73.5,4.925,0.198,0.13,40480.0,33902.47934,16666.98795
11/27/2017 18:40,15.29,75.0,4.919,0.051,0.063,40387.69231,33813.22314,16638.07229
11/27/2017 18:50,15.16,76.0,4.918,0.084,0.059,40443.07692,33865.28926,16782.6506
11/27/2017 19:00,15.12,77.1,4.918,0.048,0.033,40123.07692,33887.60331,16724.81928
11/27/2017 19:10,15.05,77.3,2.213,0.044,0.056,39987.69231,33898.76033,16568.6747
11/27/2017 19:20,14.68,78.0,0.072,0.037,0.041,39809.23077,33954.54545,16522.40964
11/27/2017 19:30,14.28,78.6,0.076,0.051,0.041,39341.53846,33630.99174,16418.31325
11/27/2017 19:40,13.98,79.2,0.075,0.051,0.041,39230.76923,33140.08264,16539.75904
11/27/2017 19:50,13.78,79.4,0.074,0.062,0.063,39316.92308,33158.67769,16447.22892
11/27/2017 20:00,13.52,79.3,0.071,0.04,0.044,38935.38462,33333.47107,16458.79518
11/27/2017 20:10,13.24,79.3,0.073,0.066,0.063,39218.46154,33485.95041,16603.37349
11/27/2017 20:20,13.04,79.6,0.072,0.051,0.059,39021.53846,33500.82645,16823.13253
11/27/2017 20:30,12.97,79.4,0.071,0.069,0.063,38824.61538,33073.1405,16742.16867
11/27/2017 20:40,12.72,78.9,0.073,0.048,0.037,38836.92308,33013.63636,16695.90361
11/27/2017 20:50,12.71,78.9,0.072,0.066,0.063,38664.61538,32519.00826,16308.43373
11/27/2017 21:00,12.75,78.7,0.072,0.055,0.048,38209.23077,32217.7686,16134.93976
11/27/2017 21:10,12.57,78.4,0.075,0.048,0.111,37704.61538,31935.12397,16094.45783
11/27/2017 21:20,12.35,78.5,0.074,0.055,0.03,37070.76923,31358.67769,15961.44578
11/27/2017 21:30,12.31,78.7,0.075,0.037,0.089,36553.84615,30852.89256,15816.86747
11/27/2017 21:40,12.18,78.9,0.076,0.029,0.048,36203.07692,30365.70248,15857.3494
11/27/2017 21:50,12.18,78.7,0.074,0.055,0.044,35556.92308,29830.16529,15695.42169
11/27/2017 22:00,12.25,78.3,0.074,0.051,0.048,34910.76923,29383.8843,15180.72289
11/27/2017 22:10,12.4,78.5,0.072,0.037,0.041,34578.46154,28911.57025,14920.48193
11/27/2017 22:20,12.35,77.8,0.074,0.04,0.093,33950.76923,28565.70248,14428.91566
11/27/2017 22:30,12.06,78.9,0.075,0.033,0.104,33200.0,27595.04132,14105.06024
11/27/2017 22:40,11.96,80.0,0.073,0.066,0.078,32800.0,27141.32231,13937.3494
11/27/2017 22:50,12.03,80.2,0.076,0.059,0.07,31858.46154,26416.1157,13544.09639
11/27/2017 23:00,11.79,80.6,0.075,0.055,0.07,31126.15385,25742.97521,13387.95181
11/27/2017 23:10,11.71,81.8,0.071,0.037,0.082,30363.07692,25177.68595,13069.87952
11/27/2017 23:20,11.79,81.6,0.07,0.062,0.085,29520.0,24571.4876,12763.37349
11/27/2017 23:30,11.73,81.6,0.071,0.073,0.07,28972.30769,24047.10744,12358.55422
11/27/2017 23:40,11.78,81.5,0.071,0.048,0.111,28547.69231,23452.06612,12167.71084
11/27/2017 23:50,11.71,82.9,0.073,0.048,0.122,27821.53846,22871.90083,11907.46988
11/28/2017 0:00,11.91,83.3,0.074,0.073,0.067,26984.61538,21960.7438,11467.95181
11/28/2017 0:10,12.03,83.3,0.071,0.04,0.089,26627.69231,21361.98347,11011.08434
11/28/2017 0:20,12.15,83.6,0.072,0.029,0.13,25907.69231,20744.6281,10918.55422
11/28/2017 0:30,12.24,85.9,0.071,0.04,0.122,25489.23077,20681.40496,10808.6747
11/28/2017 0:40,13.11,86.0,0.074,0.04,0.111,25046.15385,20153.30579,10947.46988
11/28/2017 0:50,12.4,85.4,0.074,0.059,0.107,24787.69231,19740.49587,10901.20482
11/28/2017 1:00,13.17,87.8,0.073,0.051,0.082,24430.76923,19420.66116,10658.31325
11/28/2017 1:10,13.95,86.4,0.071,0.022,0.107,24153.84615,19097.10744,10467.46988
11/28/2017 1:20,13.12,84.7,0.077,0.044,0.122,23661.53846,18885.12397,10282.40964
11/28/2017 1:30,12.42,85.7,0.074,0.066,0.074,23267.69231,18557.85124,10317.10843
11/28/2017 1:40,12.54,88.3,0.072,0.04,0.17,23101.53846,18379.33884,10247.71084
11/28/2017 1:50,13.29,88.0,0.074,0.069,0.093,22972.30769,18182.2314,10201.44578
11/28/2017 2:00,12.86,86.6,0.071,0.048,0.119,22800.0,17966.52893,10097.3494
11/28/2017 2:10,12.43,87.2,0.075,0.073,0.093,22676.92308,17918.18182,9813.975904
11/28/2017 2:20,12.41,87.5,0.073,0.059,0.141,22560.0,17780.57851,9819.759036
11/28/2017 2:30,12.36,87.6,0.071,0.033,0.178,22240.0,17598.34711,9779.277108
11/28/2017 2:40,12.51,88.5,0.075,0.062,0.126,22067.69231,17490.49587,9750.361446
11/28/2017 2:50,12.41,88.2,0.075,0.022,0.119,21975.38462,17434.71074,9640.481928
11/28/2017 3:00,12.52,88.3,0.074,0.051,0.13,21766.15385,17516.52893,9530.60241
11/28/2017 3:10,12.73,88.5,0.073,0.044,0.1,21458.46154,17334.29752,9594.216867
11/28/2017 3:20,12.91,88.4,0.071,0.037,0.167,21563.07692,17412.39669,9640.481928
11/28/2017 3:30,13.83,89.9,0.067,0.055,0.133,21563.07692,17419.83471,9519.036145
11/28/2017 3:40,14.55,88.3,3.082,0.022,0.145,21569.23077,17497.93388,9478.554217
11/28/2017 3:50,14.77,87.5,4.913,0.011,0.189,21587.69231,17256.19835,9461.204819
11/28/2017 4:00,14.83,86.4,4.914,0.044,0.148,21483.07692,17475.61983,9432.289157
11/28/2017 4:10,14.87,85.6,4.913,0.055,0.126,21378.46154,17553.71901,9391.807229
11/28/2017 4:20,14.79,84.7,4.913,0.055,0.115,21273.84615,17245.04132,9397.590361
11/28/2017 4:30,14.69,83.7,4.915,0.08,0.122,21390.76923,17300.82645,9386.024096
11/28/2017 4:40,14.68,82.9,4.913,0.062,0.122,21624.61538,17475.61983,9386.024096
11/28/2017 4:50,14.81,82.3,4.913,0.044,0.159,21741.53846,17497.93388,9449.638554
11/28/2017 5:00,14.98,81.7,4.914,0.044,0.163,22049.23077,17687.60331,9582.650602
11/28/2017 5:10,14.99,80.9,4.914,0.062,0.119,22067.69231,17758.26446,9553.73494
11/28/2017 5:20,15.05,80.7,4.913,0.037,0.126,22246.15385,17884.71074,9704.096386
11/28/2017 5:30,15.16,80.2,4.912,0.04,0.122,23003.07692,18267.7686,9964.337349
11/28/2017 5:40,15.13,79.4,4.913,0.066,0.159,23316.92308,18565.28926,9906.506024
11/28/2017 5:50,15.2,78.9,4.911,0.048,0.096,22923.07692,18595.04132,9773.493976
11/28/2017 6:00,15.32,77.8,4.916,0.037,0.078,22960.0,18509.50413,9466.987952
11/28/2017 6:10,15.3,77.0,4.912,0.044,0.104,23230.76923,18699.17355,9281.927711
11/28/2017 6:20,15.23,77.6,4.912,0.051,0.141,23120.0,18688.01653,9183.614458
11/28/2017 6:30,15.27,77.6,4.91,0.029,0.171,22676.92308,18334.71074,8992.771084
11/28/2017 6:40,15.16,77.7,4.912,0.051,0.13,22240.0,17884.71074,8454.939759
11/28/2017 6:50,14.83,79.1,4.912,0.044,0.171,21815.38462,17929.33884,8067.46988
11/28/2017 7:00,14.84,79.9,4.914,0.051,0.148,22516.92308,18509.50413,7656.86747
11/28/2017 7:10,15.23,79.6,4.912,0.044,0.148,22793.84615,19000.41322,7610.60241
11/28/2017 7:20,15.33,78.4,4.912,0.044,0.167,23243.07692,18944.6281,8079.036145
11/28/2017 7:30,15.45,77.8,4.913,0.044,0.152,23612.30769,19000.41322,7951.807229
11/28/2017 7:40,15.53,77.2,4.913,0.113,0.13,23649.23077,18933.47107,7674.216867
11/28/2017 7:50,15.66,76.7,4.912,0.699,0.682,23643.07692,18963.22314,7703.13253
11/28/2017 8:00,15.57,76.1,4.915,2.385,2.261,24221.53846,19219.83471,7760.963855
11/28/2017 8:10,15.48,76.9,4.915,5.78,5.431,25058.46154,19666.1157,7865.060241
11/28/2017 8:20,15.45,77.9,4.914,15.48,13.42,25335.38462,20011.98347,8119.518072
11/28/2017 8:30,15.51,78.3,4.918,25.57,18.24,25735.38462,20796.69421,8165.783133
11/28/2017 8:40,15.55,78.8,4.912,32.46,25.32,26135.38462,20926.8595,8426.024096
11/28/2017 8:50,15.58,79.0,4.913,49.15,43.83,26812.30769,21521.90083,8506.987952
11/28/2017 9:00,15.83,79.3,4.913,61.86,31.56,27224.61538,21826.8595,8767.228916
11/28/2017 9:10,16.45,78.2,4.916,136.2,36.27,27526.15385,22470.24793,8981.204819
11/28/2017 9:20,16.84,75.8,4.913,102.4,38.2,27329.23077,22652.47934,9490.120482
11/28/2017 9:30,17.07,73.9,4.915,165.3,44.26,27963.07692,21361.98347,10415.42169
11/28/2017 9:40,17.27,72.8,4.916,210.6,63.7,28726.15385,21644.6281,10496.38554
11/28/2017 9:50,17.41,71.1,4.915,208.9,93.6,29255.38462,21964.46281,10577.3494
11/28/2017 10:00,17.49,70.4,4.916,226.0,72.2,29415.38462,22273.1405,10617.83133
11/28/2017 10:10,17.7,68.49,4.916,292.3,48.81,29673.84615,22674.79339,10681.44578
11/28/2017 10:20,17.91,66.59,4.918,315.7,41.62,29889.23077,23009.50413,10831.80723
11/28/2017 10:30,18.05,64.79,4.918,326.5,41.07,30652.30769,23128.5124,10756.62651
11/28/2017 10:40,18.24,63.73,4.919,358.3,41.22,30633.84615,23362.80992,10675.66265
11/28/2017 10:50,18.34,62.49,4.922,378.3,39.64,30935.38462,24880.16529,9652.048193
11/28/2017 11:00,18.47,60.52,4.922,396.9,39.29,31236.92308,25259.50413,9657.831325
11/28/2017 11:10,18.55,60.12,4.921,413.6,39.08,31409.23077,25359.91736,9733.012048
11/28/2017 11:20,18.7,58.49,4.918,429.8,38.44,31667.69231,25594.21488,9837.108434
11/28/2017 11:30,18.75,57.09,4.925,444.2,37.79,31932.30769,25672.31405,9900.722892
11/28/2017 11:40,18.96,56.09,4.917,456.2,38.27,32233.84615,25802.47934,9987.46988
11/28/2017 11:50,19.13,54.82,4.917,467.9,37.6,32086.15385,26003.30579,10068.43373
11/28/2017 12:00,19.22,54.32,4.921,477.5,37.94,31969.23077,25936.36364,10027.95181
11/28/2017 12:10,19.28,54.38,4.923,485.6,38.24,32461.53846,26122.31405,10189.87952
11/28/2017 12:20,19.27,54.71,4.924,492.0,37.44,32350.76923,26393.80165,10357.59036
11/28/2017 12:30,19.29,55.32,4.922,496.6,38.44,32246.15385,26170.66116,10392.28916
11/28/2017 12:40,19.35,53.78,4.923,501.0,39.6,32633.84615,26181.81818,10548.43373
11/28/2017 12:50,19.39,55.49,4.92,501.7,39.45,33138.46154,26568.59504,10664.09639
11/28/2017 13:00,19.47,54.92,4.924,503.3,39.47,33310.76923,26747.10744,10612.04819
11/28/2017 13:10,19.56,54.65,4.921,504.2,40.64,33261.53846,26862.39669,10716.14458
11/28/2017 13:20,19.57,55.75,4.927,510.2,47.49,33052.30769,26895.86777,10640.96386
11/28/2017 13:30,19.55,55.79,4.92,502.5,44.32,32683.07692,26613.22314,10652.53012
11/28/2017 13:40,19.6,57.89,4.918,497.7,45.99,32006.15385,26706.19835,10560.0
11/28/2017 13:50,19.55,60.42,4.924,489.8,53.5,31427.69231,26564.87603,10594.6988
11/28/2017 14:00,19.48,60.19,4.917,408.8,55.72,31360.0,26479.33884,10507.95181
11/28/2017 14:10,19.44,62.36,4.921,407.3,60.37,31292.30769,26386.36364,10583.13253
11/28/2017 14:20,19.09,63.19,4.922,282.4,76.5,31163.07692,26282.2314,10617.83133
11/28/2017 14:30,18.96,63.16,4.923,264.8,65.23,31132.30769,26066.52893,10612.04819
11/28/2017 14:40,19.06,63.49,4.918,367.3,73.9,31156.92308,26170.66116,10623.61446
11/28/2017 14:50,18.98,63.59,4.918,280.7,67.28,31243.07692,26378.92562,10658.31325
11/28/2017 15:00,19.05,64.49,4.915,407.7,78.7,31403.07692,26620.66116,10733.49398
11/28/2017 15:10,19.11,63.39,4.917,397.4,67.55,31741.53846,26828.92562,10617.83133
11/28/2017 15:20,19.07,62.29,4.918,376.8,62.78,31550.76923,26687.60331,10542.6506
11/28/2017 15:30,19.17,62.35,4.919,350.0,62.08,31501.53846,26791.73554,10548.43373
11/28/2017 15:40,19.14,63.49,4.919,323.0,57.4,31458.46154,26706.19835,10664.09639
11/28/2017 15:50,19.19,63.09,4.921,306.0,54.22,31661.53846,26832.64463,10600.48193
11/28/2017 16:00,19.0,63.49,4.922,208.5,52.53,31489.23077,26821.4876,10571.56627
11/28/2017 16:10,18.72,63.42,4.921,143.3,47.72,31323.07692,26828.92562,10502.16867
11/28/2017 16:20,18.67,62.65,4.919,176.9,59.79,31495.38462,26475.61983,10502.16867
11/28/2017 16:30,18.66,62.62,4.921,209.0,102.2,31335.38462,26535.12397,10721.92771
11/28/2017 16:40,18.74,62.65,4.915,151.3,121.2,32363.07692,26773.1405,11068.91566
11/28/2017 16:50,18.6,62.92,4.915,148.1,147.1,32861.53846,27420.24793,11745.54217
11/28/2017 17:00,18.53,62.95,4.922,131.8,146.4,33686.15385,28197.52066,13283.85542
11/28/2017 17:10,18.51,62.55,4.919,111.7,129.3,35378.46154,29911.98347,14845.3012
11/28/2017 17:20,18.45,61.58,4.924,96.1,112.7,38135.38462,32381.40496,15915.18072
11/28/2017 17:30,18.35,61.12,4.923,65.53,77.7,40012.30769,33526.8595,16505.06024
11/28/2017 17:40,18.31,61.25,4.919,40.18,42.93,40541.53846,34144.21488,16435.66265
11/28/2017 17:50,18.21,61.58,4.918,13.48,13.3,40941.53846,34333.8843,16586.0241
11/28/2017 18:00,18.1,61.75,4.925,3.423,3.439,40609.23077,34430.57851,16614.93976
11/28/2017 18:10,18.06,61.72,4.924,1.218,1.26,40295.38462,34222.31405,16713.25301
11/28/2017 18:20,17.98,61.88,4.919,0.271,0.241,40252.30769,34292.97521,16828.91566
11/28/2017 18:30,17.9,61.78,4.923,0.08,0.067,40270.76923,34173.96694,16811.56627
11/28/2017 18:40,17.89,61.42,4.914,0.062,0.078,40301.53846,34110.7438,16695.90361
11/28/2017 18:50,17.86,61.45,4.923,0.059,0.067,40160.0,33932.2314,16800.0
11/28/2017 19:00,17.85,61.25,4.921,0.069,0.033,40012.30769,33738.84298,16973.49398
11/28/2017 19:10,17.89,61.78,4.923,0.077,0.041,39956.92308,33787.19008,17013.9759
11/28/2017 19:20,17.85,62.15,4.92,0.048,0.115,39938.46154,33705.3719,16990.84337
11/28/2017 19:30,17.88,62.71,4.924,0.051,0.041,39483.07692,33273.96694,16828.91566
11/28/2017 19:40,17.83,63.42,4.924,0.055,0.056,39236.92308,33002.47934,16996.62651
11/28/2017 19:50,17.82,63.89,4.922,0.048,0.067,39360.0,32939.2562,17019.75904
11/28/2017 20:00,17.78,63.89,4.918,0.044,0.093,39212.30769,33169.83471,17083.37349
11/28/2017 20:10,17.77,64.25,4.922,0.04,0.07,39126.15385,33300.0,17135.42169
11/28/2017 20:20,17.79,64.99,4.924,0.059,0.056,39206.15385,33400.41322,17129.63855
11/28/2017 20:30,17.77,65.55,4.921,0.084,0.067,38523.07692,33069.42149,17158.55422
11/28/2017 20:40,17.74,66.29,4.923,0.062,0.07,38061.53846,33013.63636,17158.55422
11/28/2017 20:50,17.7,66.35,4.922,0.055,0.089,37747.69231,32552.47934,17158.55422
11/28/2017 21:00,17.66,66.95,4.918,0.059,0.096,37169.23077,32020.66116,16805.78313
11/28/2017 21:10,17.58,67.52,4.918,0.051,0.104,37003.07692,31611.57025,16661.20482
11/28/2017 21:20,17.57,67.69,4.926,0.069,0.063,36793.84615,31395.86777,16499.27711
11/28/2017 21:30,17.51,69.56,4.921,0.069,0.044,36769.23077,31228.5124,16273.73494
11/28/2017 21:40,17.46,69.76,4.92,0.059,0.078,36123.07692,30968.18182,16308.43373
11/28/2017 21:50,17.47,70.3,4.923,0.062,0.096,35563.07692,30034.71074,15678.07229
11/28/2017 22:00,17.39,70.8,4.92,0.044,0.137,34923.07692,29090.08264,15498.79518
11/28/2017 22:10,17.38,70.8,4.921,0.04,0.089,34264.61538,28796.28099,15215.42169
11/28/2017 22:20,17.52,71.0,4.925,0.048,0.119,33883.07692,28227.27273,15041.92771
11/28/2017 22:30,17.49,71.2,4.922,0.048,0.111,33132.30769,27639.66942,14400.0
11/28/2017 22:40,17.47,71.1,4.92,0.033,0.148,32473.84615,27070.66116,14272.77108
11/28/2017 22:50,17.44,69.46,4.923,0.062,0.122,31600.0,26360.33058,13948.91566
11/28/2017 23:00,17.34,69.46,4.915,0.033,0.126,30966.15385,25664.87603,13682.89157
11/28/2017 23:10,17.37,68.75,4.922,0.051,0.067,30276.92308,25036.36364,13359.03614
11/28/2017 23:20,17.37,68.42,4.922,0.048,0.107,29532.30769,24478.5124,13064.09639
11/28/2017 23:30,17.39,68.05,4.921,0.044,0.119,29033.84615,23783.05785,12647.71084
11/28/2017 23:40,17.38,67.22,4.923,0.048,0.089,28449.23077,23254.95868,12508.91566
11/28/2017 23:50,17.37,66.59,4.924,0.059,0.078,27858.46154,22741.73554,12404.81928
11/29/2017 0:00,17.34,66.66,4.921,0.044,0.093,26763.07692,22299.17355,12127.22892
11/29/2017 0:10,17.35,65.99,4.921,0.059,0.078,26240.0,21663.22314,11809.15663
11/29/2017 0:20,17.3,65.65,4.92,0.037,0.093,25735.38462,21075.61983,11375.42169
11/29/2017 0:30,17.25,65.92,4.921,0.059,0.115,25421.53846,20718.59504,10912.77108
11/29/2017 0:40,17.33,66.65,4.92,0.062,0.1,24886.15385,20335.53719,10854.93976
11/29/2017 0:50,17.29,67.09,4.921,0.048,0.104,24609.23077,19900.41322,10612.04819
11/29/2017 1:00,17.35,67.65,4.918,0.066,0.059,24209.23077,19588.01653,10415.42169
11/29/2017 1:10,17.33,68.69,4.919,0.048,0.093,23803.07692,19167.7686,10265.06024
11/29/2017 1:20,17.21,68.92,4.915,0.022,0.156,23372.30769,18777.27273,10108.91566
11/29/2017 1:30,17.19,68.69,4.918,0.048,0.152,23107.69231,18669.42149,9975.903614
11/29/2017 1:40,17.27,67.36,4.92,0.059,0.126,23101.53846,18412.80992,9889.156627
11/29/2017 1:50,17.24,66.89,4.918,0.048,0.133,22966.15385,18241.73554,9790.843373
11/29/2017 2:00,17.12,67.32,4.915,0.048,0.126,22713.84615,18007.43802,9686.746988
11/29/2017 2:10,17.04,67.92,4.915,0.029,0.111,22596.92308,17747.10744,9611.566265
11/29/2017 2:20,16.89,67.99,4.919,0.044,0.096,22375.38462,17669.00826,9559.518072
11/29/2017 2:30,16.92,67.72,4.917,0.051,0.093,22363.07692,17464.46281,9513.253012
11/29/2017 2:40,16.89,67.95,4.918,0.04,0.104,22510.76923,17397.52066,9438.072289
11/29/2017 2:50,16.89,67.99,4.917,0.048,0.082,22381.53846,17401.23967,9391.807229
11/29/2017 3:00,16.85,68.19,4.917,0.048,0.115,22221.53846,17308.26446,9391.807229
11/29/2017 3:10,16.85,68.02,4.916,0.037,0.133,22073.84615,17252.47934,9386.024096
11/29/2017 3:20,16.84,68.22,4.918,0.066,0.115,22129.23077,17163.22314,9316.626506
11/29/2017 3:30,16.89,68.16,4.922,0.073,0.148,21920.0,17066.52893,9241.445783
11/29/2017 3:40,16.9,68.29,4.92,0.08,0.115,21840.0,17297.10744,9195.180723
11/29/2017 3:50,16.88,68.72,4.917,0.033,0.182,21470.76923,17219.00826,9212.53012
11/29/2017 4:00,16.84,68.66,4.917,0.04,0.1,21458.46154,17207.85124,9235.662651
11/29/2017 4:10,16.62,68.79,4.917,0.059,0.096,21501.53846,17226.44628,9200.963855
11/29/2017 4:20,16.57,68.92,4.917,0.044,0.163,21630.76923,17137.19008,9189.39759
11/29/2017 4:30,16.67,70.2,4.921,0.091,0.141,21673.84615,17248.76033,9270.361446
11/29/2017 4:40,16.73,70.5,4.916,0.044,0.141,21569.23077,17248.76033,9270.361446
11/29/2017 4:50,16.71,70.3,4.919,0.059,0.17,21704.61538,17416.1157,9490.120482
11/29/2017 5:00,16.82,69.99,4.917,0.062,0.13,21907.69231,17471.90083,9600.0
11/29/2017 5:10,16.88,70.0,4.915,0.048,0.152,21901.53846,17471.90083,9698.313253
11/29/2017 5:20,16.85,69.79,4.915,0.051,0.13,22073.84615,17557.43802,9733.012048
11/29/2017 5:30,16.89,68.62,4.914,0.029,0.133,22756.92308,17910.7438,9929.638554
11/29/2017 5:40,16.94,67.08,4.918,0.073,0.096,23076.92308,18628.5124,10039.51807
11/29/2017 5:50,17.0,66.35,4.919,0.044,0.119,23003.07692,18665.70248,9981.686747
11/29/2017 6:00,16.95,65.95,4.916,0.026,0.152,23040.0,18539.2562,9796.626506
11/29/2017 6:10,16.94,65.12,4.918,0.04,0.074,23470.76923,18725.20661,9727.228916
11/29/2017 6:20,16.91,64.42,4.916,0.044,0.1,23433.84615,18639.66942,9594.216867
11/29/2017 6:30,16.93,64.12,4.917,0.077,0.133,23193.84615,18446.28099,9357.108434
11/29/2017 6:40,16.9,63.55,4.914,0.055,0.085,22818.46154,18267.7686,8848.192771
11/29/2017 6:50,16.95,63.35,4.915,0.055,0.13,22240.0,18152.47934,8570.60241
11/29/2017 7:00,16.89,63.22,4.918,0.037,0.119,22486.15385,18446.28099,7917.108434
11/29/2017 7:10,16.73,64.52,4.914,0.059,0.126,22572.30769,18706.61157,7784.096386
11/29/2017 7:20,16.42,66.35,4.918,0.055,0.089,22627.69231,18918.59504,7697.349398
11/29/2017 7:30,16.26,67.72,4.92,0.073,0.078,22880.0,19000.41322,7581.686747
11/29/2017 7:40,16.24,67.72,4.919,0.084,0.107,22886.15385,19071.07438,7471.807229
11/29/2017 7:50,16.23,67.02,4.918,0.227,0.319,23027.69231,19149.17355,7338.795181
11/29/2017 8:00,16.02,67.52,4.919,1.024,0.989,23987.69231,19491.32231,7280.963855
11/29/2017 8:10,15.86,67.39,4.92,3.694,3.509,24689.23077,19848.34711,7101.686747
11/29/2017 8:20,15.79,67.69,4.921,11.07,10.61,24978.46154,20157.02479,7200.0
11/29/2017 8:30,15.69,67.99,4.919,20.83,19.78,25409.23077,20744.6281,7327.228916
11/29/2017 8:40,15.72,68.02,4.918,29.29,27.44,25956.92308,21068.18182,7390.843373
11/29/2017 8:50,15.81,68.02,4.922,36.22,33.64,27532.30769,20897.10744,7587.46988
11/29/2017 9:00,15.94,67.55,4.92,39.01,35.06,27920.0,21317.35537,7749.39759
11/29/2017 9:10,16.04,67.42,4.921,29.07,24.41,28387.69231,21666.94215,7946.024096
11/29/2017 9:20,16.07,67.89,4.923,33.26,20.59,28843.07692,22064.87603,8050.120482
11/29/2017 9:30,16.08,67.89,4.921,56.55,24.76,29249.23077,21971.90083,8217.831325
11/29/2017 9:40,16.28,67.72,4.923,124.3,35.49,29526.15385,22578.09917,8298.795181
11/29/2017 9:50,17.02,66.59,4.922,193.3,43.96,29612.30769,23318.18182,8356.626506
11/29/2017 10:00,17.57,64.29,4.919,263.4,50.74,30067.69231,23797.93388,8483.855422
11/29/2017 10:10,17.8,63.52,4.924,288.6,52.4,30510.76923,24255.3719,8680.481928
11/29/2017 10:20,17.98,62.75,4.92,257.3,49.77,31046.15385,24750.0,9050.60241
11/29/2017 10:30,18.1,61.82,4.917,234.4,48.82,31033.84615,25244.6281,9472.771084
11/29/2017 10:40,18.34,61.48,4.917,348.1,54.85,31747.69231,25575.61983,9559.518072
11/29/2017 10:50,18.52,61.28,4.925,301.7,57.61,32036.92308,25742.97521,9808.192771
11/29/2017 11:00,18.59,61.05,4.919,327.0,64.31,32504.61538,25869.42149,9929.638554
11/29/2017 11:10,18.69,60.55,4.92,347.4,102.5,33187.69231,26300.82645,10074.21687
11/29/2017 11:20,18.74,59.55,4.922,404.3,85.7,33501.53846,26579.75207,10276.62651
11/29/2017 11:30,18.84,58.45,4.921,366.2,60.07,33716.92308,26695.04132,10346.0241
11/29/2017 11:40,18.97,58.05,4.925,432.5,62.75,33969.23077,27111.57025,10438.55422
11/29/2017 11:50,19.0,57.08,4.925,367.6,60.03,34283.07692,27446.28099,10346.0241
11/29/2017 12:00,19.15,57.68,4.924,464.1,62.04,34036.92308,27676.8595,10340.24096
11/29/2017 12:10,19.44,55.95,4.924,433.0,64.58,35230.76923,27185.95041,10588.91566
11/29/2017 12:20,19.48,54.25,4.922,506.9,63.69,35643.07692,26791.73554,10675.66265
11/29/2017 12:30,19.51,54.01,4.924,505.4,72.7,35710.76923,26840.08264,10675.66265
11/29/2017 12:40,19.7,54.21,4.929,499.3,93.7,35563.07692,26985.12397,10797.10843
11/29/2017 12:50,19.9,55.38,4.923,471.5,110.6,35538.46154,27003.71901,10785.54217
11/29/2017 13:00,19.79,56.48,4.921,521.6,78.8,35476.92308,26635.53719,10872.28916
11/29/2017 13:10,19.69,57.08,4.922,507.9,84.1,35495.38462,26680.16529,10878.07229
11/29/2017 13:20,19.53,57.98,4.917,330.2,144.9,35440.0,26970.24793,11074.6988
11/29/2017 13:30,19.34,58.51,4.92,505.5,122.8,35120.0,26973.96694,11034.21687
11/29/2017 13:40,19.28,59.28,4.922,383.8,109.3,34695.38462,26631.81818,10935.90361
11/29/2017 13:50,19.0,59.75,4.922,264.8,178.0,34320.0,26367.7686,10906.98795
11/29/2017 14:00,18.95,60.31,4.916,289.7,200.0,33643.07692,26669.00826,10814.45783
11/29/2017 14:10,18.72,61.38,4.923,296.3,158.0,33064.61538,27256.61157,10768.19277
11/29/2017 14:20,18.76,61.45,4.924,326.2,100.4,33218.46154,27234.29752,10739.27711
11/29/2017 14:30,18.81,61.95,4.923,465.6,79.8,32929.23077,27312.39669,10669.87952
11/29/2017 14:40,18.84,61.28,4.921,438.0,70.9,32836.92308,27349.58678,10583.13253
11/29/2017 14:50,18.88,61.35,4.918,386.9,68.31,32935.38462,27308.67769,10814.45783
11/29/2017 15:00,18.85,61.55,4.924,358.9,65.12,32535.38462,27450.0,10878.07229
11/29/2017 15:10,18.85,61.22,4.918,350.1,86.9,32473.84615,26970.24793,11022.6506
11/29/2017 15:20,18.76,61.45,4.917,376.0,80.4,32720.0,27572.72727,11271.3253
11/29/2017 15:30,18.86,62.32,4.919,349.9,71.7,32867.69231,27751.23967,11340.72289
11/29/2017 15:40,18.89,62.32,4.918,311.3,53.94,32664.61538,27621.07438,11462.16867
11/29/2017 15:50,18.81,61.82,4.921,284.2,46.5,32990.76923,28097.10744,11560.48193
11/29/2017 16:00,18.75,61.62,4.92,256.8,45.03,33569.23077,28472.72727,11589.39759
11/29/2017 16:10,18.73,61.82,4.92,237.5,54.96,33901.53846,28744.21488,11791.80723
11/29/2017 16:20,18.54,61.68,3.135,111.7,50.21,34006.15385,28703.30579,11797.59036
11/29/2017 16:30,18.45,62.38,0.074,96.8,49.88,34006.15385,28614.04959,11797.59036
11/29/2017 16:40,18.41,63.25,0.071,140.6,87.5,34584.61538,28852.06612,12127.22892
11/29/2017 16:50,18.39,63.68,0.071,130.2,114.7,35089.23077,29060.33058,12890.60241
11/29/2017 17:00,18.33,63.95,0.072,85.7,89.9,35513.84615,29759.50413,14411.56627
11/29/2017 17:10,18.24,64.81,0.073,44.08,46.42,36486.15385,31276.8595,15828.43373
11/29/2017 17:20,18.17,65.65,0.07,74.7,87.3,39618.46154,33869.00826,16823.13253
11/29/2017 17:30,18.04,66.85,0.072,52.48,61.62,41218.46154,35308.26446,17037.10843
11/29/2017 17:40,17.88,68.15,0.071,25.69,27.47,41575.38462,35631.81818,16684.33735
11/29/2017 17:50,17.69,69.25,0.071,11.59,11.36,41575.38462,35486.77686,16933.01205
11/29/2017 18:00,17.51,70.3,0.072,5.625,5.511,41286.15385,35323.1405,17193.25301
11/29/2017 18:10,17.38,70.9,0.07,2.213,2.172,41076.92308,35181.81818,17291.56627
11/29/2017 18:20,17.28,71.7,0.07,0.669,0.626,40898.46154,35148.34711,17366.74699
11/29/2017 18:30,17.15,72.6,0.071,0.132,0.022,40880.0,35036.77686,17580.72289
11/29/2017 18:40,16.78,72.7,0.069,0.062,0.056,41052.30769,35059.09091,17609.63855
11/29/2017 18:50,16.0,73.2,0.073,0.044,0.063,40744.61538,34821.07438,17540.24096
11/29/2017 19:00,15.61,73.0,0.072,0.048,0.044,40806.15385,34895.45455,17511.3253
11/29/2017 19:10,15.23,73.2,0.071,0.059,0.041,40775.38462,34623.96694,17401.44578
11/29/2017 19:20,15.02,72.1,0.07,0.066,0.048,40400.0,34627.68595,17054.45783
11/29/2017 19:30,14.79,72.2,0.072,0.044,0.044,40067.69231,34080.99174,17048.6747
11/29/2017 19:40,14.61,71.6,0.072,0.062,0.019,39673.84615,33634.71074,16933.01205
11/29/2017 19:50,14.38,71.7,0.072,0.069,0.048,39470.76923,33564.04959,16701.68675
11/29/2017 20:00,14.2,72.2,0.07,0.048,0.052,39120.0,33266.52893,16759.51807
11/29/2017 20:10,14.06,72.2,0.07,0.066,0.056,39550.76923,33482.2314,16979.27711
11/29/2017 20:20,13.72,73.0,0.07,0.059,0.026,39396.92308,33593.80165,16927.22892
11/29/2017 20:30,13.66,73.2,0.073,0.029,0.078,38972.30769,33374.38017,16904.09639
11/29/2017 20:40,13.7,73.1,0.072,0.044,0.037,38701.53846,33080.57851,16961.92771
11/29/2017 20:50,13.77,72.7,0.07,0.059,0.037,38492.30769,32991.32231,16990.84337
11/29/2017 21:00,14.34,71.9,0.072,0.066,0.048,38135.38462,32864.87603,16823.13253
11/29/2017 21:10,15.05,69.29,0.072,0.051,0.044,37729.23077,32362.80992,16661.20482
11/29/2017 21:20,15.02,66.72,0.072,0.077,0.037,37015.38462,32035.53719,16533.9759
11/29/2017 21:30,14.74,70.2,0.072,0.051,0.048,36369.23077,31656.19835,16267.95181
11/29/2017 21:40,14.68,70.5,0.071,0.062,0.048,35532.30769,30678.09917,15886.26506
11/29/2017 21:50,14.48,69.31,0.071,0.037,0.074,35187.69231,29893.38843,15209.63855
11/29/2017 22:00,14.56,69.48,0.071,0.033,0.074,34356.92308,29313.22314,14741.20482
11/29/2017 22:10,14.58,68.45,0.072,0.048,0.048,34000.0,28915.28926,14533.01205
11/29/2017 22:20,14.25,69.61,0.072,0.051,0.093,33403.07692,28387.19008,14290.12048
11/29/2017 22:30,14.24,69.85,0.074,0.033,0.059,32935.38462,27803.30579,13960.48193
11/29/2017 22:40,14.22,70.0,0.076,0.059,0.085,32153.84615,26914.46281,13677.10843
11/29/2017 22:50,13.91,71.5,0.071,0.048,0.07,31643.07692,26587.19008,13231.80723
11/29/2017 23:00,13.83,71.8,0.072,0.051,0.104,30689.23077,25627.68595,12948.43373
11/29/2017 23:10,13.86,72.5,0.07,0.062,0.07,30000.0,25040.08264,12746.0241
11/29/2017 23:20,13.71,73.4,0.073,0.04,0.093,29390.76923,24385.53719,12497.3494
11/29/2017 23:30,13.41,73.3,0.073,0.04,0.1,28603.07692,23872.31405,12104.09639
11/29/2017 23:40,13.2,73.4,0.072,0.048,0.067,27673.84615,23113.63636,11774.45783
11/29/2017 23:50,13.02,74.2,0.072,0.029,0.104,26984.61538,22693.38843,11600.96386
11/30/2017 0:00,12.94,74.0,0.072,0.037,0.1,26535.38462,22202.47934,11398.55422
11/30/2017 0:10,12.73,74.5,0.073,0.044,0.093,26067.69231,21878.92562,11225.06024
11/30/2017 0:20,12.6,74.8,0.074,0.048,0.115,25790.76923,21172.31405,11103.61446
11/30/2017 0:30,12.53,75.3,0.072,0.026,0.145,25249.23077,20495.45455,10935.90361
11/30/2017 0:40,12.6,75.6,0.071,0.059,0.115,24763.07692,20443.38843,10912.77108
11/30/2017 0:50,12.62,75.6,0.072,0.051,0.159,24363.07692,20104.95868,10710.36145
11/30/2017 1:00,12.55,75.6,0.071,0.059,0.145,24147.69231,19669.83471,10444.33735
11/30/2017 1:10,12.45,75.7,0.073,0.033,0.089,23840.0,19428.09917,10305.54217
11/30/2017 1:20,12.39,75.9,0.072,0.051,0.115,23618.46154,19149.17355,10137.83133
11/30/2017 1:30,12.38,75.8,0.071,0.051,0.107,23446.15385,18992.97521,10033.73494
11/30/2017 1:40,12.47,75.8,0.071,0.062,0.074,23163.07692,18829.33884,9906.506024
11/30/2017 1:50,12.49,75.4,0.072,0.051,0.141,23156.92308,18513.22314,9831.325301
11/30/2017 2:00,12.42,75.3,0.071,0.044,0.159,22843.07692,18260.33058,9837.108434
11/30/2017 2:10,12.28,75.2,0.073,0.037,0.096,22615.38462,18104.13223,9669.39759
11/30/2017 2:20,12.3,75.4,0.072,0.059,0.078,22393.84615,17810.33058,9571.084337
11/30/2017 2:30,12.3,75.5,0.07,0.062,0.082,22264.61538,17769.42149,9536.385542
11/30/2017 2:40,12.26,75.8,0.069,0.044,0.1,22258.46154,17702.47934,9443.855422
11/30/2017 2:50,12.24,76.7,0.074,0.04,0.122,22301.53846,17427.27273,9432.289157
11/30/2017 3:00,12.09,77.4,0.073,0.066,0.104,21932.30769,17397.52066,9449.638554
11/30/2017 3:10,12.03,78.1,0.072,0.04,0.115,21938.46154,17345.45455,9420.722892
11/30/2017 3:20,12.13,79.0,0.073,0.051,0.122,21809.23077,17308.26446,9414.939759
11/30/2017 3:30,12.38,79.0,0.071,0.059,0.093,21673.84615,17639.2562,9374.457831
11/30/2017 3:40,12.34,79.4,0.072,0.048,0.096,21470.76923,17561.15702,9368.674699
11/30/2017 3:50,12.35,79.8,0.073,0.033,0.115,21649.23077,17486.77686,9362.891566
11/30/2017 4:00,12.33,80.4,0.075,0.084,0.111,21723.07692,17535.12397,9351.325301
11/30/2017 4:10,12.36,81.2,0.072,0.051,0.111,21680.0,17512.80992,9333.975904
11/30/2017 4:20,12.53,81.4,0.071,0.066,0.115,21476.92308,17672.72727,9380.240964
11/30/2017 4:30,12.27,80.8,0.08,0.055,0.137,21815.38462,17780.57851,9409.156627
11/30/2017 4:40,11.15,81.3,0.086,0.077,0.104,22036.92308,17646.69421,9466.987952
11/30/2017 4:50,10.9,81.2,0.079,0.044,0.104,22332.30769,17739.66942,9466.987952
11/30/2017 5:00,10.66,81.3,0.082,0.059,0.137,22424.61538,18037.19008,9490.120482
11/30/2017 5:10,10.54,81.5,0.083,0.077,0.115,22492.30769,18040.90909,9513.253012
11/30/2017 5:20,10.37,81.4,0.084,0.037,0.133,22246.15385,18193.38843,9600.0
11/30/2017 5:30,10.25,81.7,0.078,0.059,0.111,22886.15385,18844.21488,9802.409639
11/30/2017 5:40,10.28,82.0,0.08,0.037,0.126,23636.92308,19193.80165,9779.277108
11/30/2017 5:50,10.19,81.9,0.079,0.051,0.107,23409.23077,18743.80165,9715.662651
11/30/2017 6:00,10.1,81.8,0.078,0.051,0.078,23120.0,18714.04959,9501.686747
11/30/2017 6:10,9.9,81.9,0.083,0.062,0.126,23323.07692,18721.4876,9322.409639
11/30/2017 6:20,9.73,82.2,0.083,0.044,0.152,23360.0,18795.86777,9195.180723
11/30/2017 6:30,9.68,82.5,0.082,0.069,0.082,22923.07692,18632.2314,8963.855422
11/30/2017 6:40,9.6,82.6,0.085,0.051,0.122,22436.92308,18145.04132,8616.86747
11/30/2017 6:50,9.53,83.1,0.083,0.059,0.096,21464.61538,17940.49587,8090.60241
11/30/2017 7:00,9.64,83.0,0.08,0.044,0.104,21975.38462,18211.98347,7419.759036
11/30/2017 7:10,9.59,83.0,0.08,0.044,0.122,22363.07692,18338.42975,7217.349398
11/30/2017 7:20,9.46,83.3,0.081,0.055,0.133,22683.07692,18375.61983,7119.036145
11/30/2017 7:30,9.65,83.5,0.082,0.044,0.126,22824.61538,18509.50413,6997.590361
11/30/2017 7:40,9.7,83.3,0.082,0.062,0.137,23003.07692,18316.1157,6951.325301
11/30/2017 7:50,9.62,83.2,0.081,0.355,0.378,23261.53846,18502.06612,6887.710843
11/30/2017 8:00,9.56,83.1,0.084,1.427,1.36,23944.61538,18758.67769,6945.542169
11/30/2017 8:10,9.51,82.9,0.085,3.669,3.629,24769.23077,19294.21488,6997.590361
11/30/2017 8:20,9.34,83.0,0.083,8.66,8.12,25120.0,19569.42149,7246.26506
11/30/2017 8:30,9.31,83.1,0.078,26.68,17.95,25600.0,20075.20661,7327.228916
11/30/2017 8:40,9.31,83.1,0.082,32.87,24.55,26073.84615,20402.47934,7402.409639
11/30/2017 8:50,9.3,83.1,0.082,58.77,37.4,26535.38462,20841.32231,7581.686747
11/30/2017 9:00,9.44,83.1,0.082,99.8,55.68,27212.30769,21406.61157,7743.614458
11/30/2017 9:10,9.8,83.0,0.085,106.7,75.6,27421.53846,21823.1405,7888.192771
11/30/2017 9:20,9.96,82.5,0.082,134.7,84.1,28104.61538,22124.38017,8079.036145
11/30/2017 9:30,10.11,82.1,0.083,162.8,104.7,28658.46154,22555.78512,8188.915663
11/30/2017 9:40,10.03,81.4,0.083,140.5,113.3,28966.15385,22938.84298,8304.578313
11/30/2017 9:50,10.18,81.3,0.081,163.2,131.0,29169.23077,23355.3719,8512.771084
11/30/2017 10:00,10.49,81.0,0.084,303.9,149.1,29470.76923,23623.1405,8790.361446
11/30/2017 10:10,10.99,80.4,0.082,319.9,117.2,30196.92308,24073.1405,8929.156627
11/30/2017 10:20,11.35,79.6,0.083,290.8,81.1,30535.38462,24392.97521,9177.831325
11/30/2017 10:30,11.94,78.7,0.085,327.9,66.03,30529.23077,24679.33884,8986.987952
11/30/2017 10:40,12.69,77.6,0.082,349.5,73.9,30498.46154,26055.3719,8258.313253
11/30/2017 10:50,13.76,76.7,0.093,364.1,65.05,30849.23077,26170.66116,8258.313253
11/30/2017 11:00,15.0,75.7,0.083,380.1,60.79,31187.69231,26386.36364,8264.096386
11/30/2017 11:10,15.73,72.1,0.072,392.2,58.02,31575.38462,26509.09091,8321.927711
11/30/2017 11:20,17.11,69.63,0.072,411.8,56.82,31587.69231,26743.38843,8350.843373
11/30/2017 11:30,17.68,66.36,0.071,426.0,57.99,31612.30769,26966.52893,8437.590361
11/30/2017 11:40,17.84,65.13,0.071,439.7,60.24,31667.69231,26988.84298,8373.975904
11/30/2017 11:50,18.04,65.23,0.073,452.7,63.55,31470.76923,27241.73554,8564.819277
11/30/2017 12:00,18.13,64.39,0.073,466.5,59.44,31803.07692,27368.18182,8680.481928
11/30/2017 12:10,18.34,63.96,0.072,469.1,58.78,32258.46154,27650.82645,8692.048193
11/30/2017 12:20,18.42,63.62,0.073,480.2,60.98,32738.46154,27948.34711,8865.542169
11/30/2017 12:30,18.55,63.16,0.073,486.2,61.62,32652.30769,27903.71901,9027.46988
11/30/2017 12:40,18.37,63.36,0.073,491.7,57.19,32658.46154,28019.00826,9154.698795
11/30/2017 12:50,18.57,63.02,0.074,492.9,57.45,33003.07692,28085.95041,9218.313253
11/30/2017 13:00,18.56,63.03,0.073,489.8,59.89,32916.92308,28160.33058,9253.012048
11/30/2017 13:10,18.66,62.86,0.076,487.2,66.93,32898.46154,28178.92562,9172.048193
11/30/2017 13:20,18.9,62.93,0.073,503.4,72.5,32670.76923,28368.59504,9125.783133
11/30/2017 13:30,18.89,62.19,0.073,464.4,66.97,32553.84615,28320.24793,9177.831325
11/30/2017 13:40,18.8,62.66,0.073,363.9,94.9,32098.46154,28015.28926,9091.084337
11/30/2017 13:50,18.64,63.26,0.073,437.5,113.9,31901.53846,27706.61157,9039.036145
11/30/2017 14:00,18.86,63.43,0.074,472.1,80.8,31575.38462,27502.06612,9004.337349
11/30/2017 14:10,18.73,63.76,0.072,451.4,59.71,31716.92308,27505.78512,9027.46988
11/30/2017 14:20,18.64,63.36,0.07,437.0,53.34,31821.53846,27647.10744,9004.337349
11/30/2017 14:30,18.56,64.06,0.071,419.8,52.3,31796.92308,27572.72727,9056.385542
11/30/2017 14:40,18.58,64.36,0.074,407.7,51.41,31870.76923,27494.6281,8645.783133
11/30/2017 14:50,18.74,64.03,0.075,393.5,51.0,31796.92308,27751.23967,8709.39759
11/30/2017 15:00,18.77,64.02,0.073,378.2,54.0,31692.30769,27412.80992,8593.73494
11/30/2017 15:10,18.82,63.93,0.071,330.2,62.09,31760.0,27528.09917,8605.301205
11/30/2017 15:20,18.44,65.16,0.071,326.1,89.8,31464.61538,27780.99174,8524.337349
11/30/2017 15:30,18.5,65.22,0.072,295.8,96.2,31569.23077,27598.76033,8518.554217
11/30/2017 15:40,18.56,65.16,0.072,337.3,88.3,31415.38462,27364.46281,8385.542169
11/30/2017 15:50,18.5,65.46,0.072,293.8,69.58,31150.76923,27368.18182,8454.939759
11/30/2017 16:00,18.52,65.99,0.072,254.6,51.16,30898.46154,27137.60331,8431.807229
11/30/2017 16:10,18.35,66.62,0.072,228.7,47.85,31095.38462,27267.7686,8478.072289
11/30/2017 16:20,18.28,66.99,0.07,198.6,52.1,31046.15385,27528.09917,8697.831325
11/30/2017 16:30,18.23,67.46,0.07,188.3,75.2,31113.84615,27591.32231,8796.144578
11/30/2017 16:40,18.23,67.56,0.07,191.5,114.0,31772.30769,27851.65289,9039.036145
11/30/2017 16:50,18.11,67.99,0.072,168.6,145.3,32387.69231,28413.22314,9600.0
11/30/2017 17:00,18.03,68.42,0.072,128.9,132.9,33323.07692,29134.71074,11155.66265
11/30/2017 17:10,17.83,69.59,0.071,67.43,70.3,35163.07692,31611.57025,13104.57831
11/30/2017 17:20,17.72,70.3,0.072,100.0,112.3,38276.92308,32805.3719,14908.91566
11/30/2017 17:30,17.61,70.8,0.071,30.3,31.2,39649.23077,33504.54545,15342.6506
11/30/2017 17:40,17.42,71.8,0.07,19.99,20.17,39956.92308,33686.77686,15527.71084
11/30/2017 17:50,17.28,72.5,0.071,9.11,9.18,40270.76923,33850.41322,15706.98795
11/30/2017 18:00,17.17,72.9,0.072,4.115,4.099,40252.30769,33716.52893,15799.51807
11/30/2017 18:10,17.08,73.4,0.072,2.59,2.557,40172.30769,33809.50413,15909.39759
11/30/2017 18:20,16.98,73.6,0.071,0.454,0.419,39956.92308,33950.82645,15961.44578
11/30/2017 18:30,16.87,74.3,0.069,0.146,0.044,39569.23077,33683.05785,16082.89157
11/30/2017 18:40,16.78,74.5,0.069,0.055,0.044,39710.76923,33716.52893,16123.37349
11/30/2017 18:50,16.71,74.7,0.072,0.08,0.03,39680.0,33657.02479,16071.3253
11/30/2017 19:00,16.6,75.1,0.075,0.059,0.044,39692.30769,33552.89256,16077.10843
11/30/2017 19:10,16.56,75.2,0.074,0.051,0.059,39766.15385,33571.4876,16088.6747
11/30/2017 19:20,16.48,75.3,0.073,0.044,0.041,39550.76923,33389.2562,15967.22892
11/30/2017 19:30,16.06,76.2,0.071,0.033,0.063,39187.69231,33169.83471,15909.39759
11/30/2017 19:40,15.76,77.8,0.072,0.048,0.048,38935.38462,33017.35537,15955.66265
11/30/2017 19:50,15.96,77.9,0.065,0.037,0.059,38972.30769,33199.58678,15944.09639
11/30/2017 20:00,15.8,77.9,0.069,0.04,0.056,38744.61538,32942.97521,16025.06024
11/30/2017 20:10,15.43,78.6,0.071,0.029,0.059,39089.23077,33541.73554,16158.07229
11/30/2017 20:20,15.11,79.5,0.073,0.055,0.089,38941.53846,33136.36364,16129.15663
11/30/2017 20:30,14.85,80.4,0.07,0.051,0.041,38867.69231,32939.2562,16059.75904
11/30/2017 20:40,14.52,81.1,0.074,0.084,0.011,38504.61538,32649.17355,16059.75904
11/30/2017 20:50,14.22,81.9,0.071,0.059,0.026,38123.07692,32723.55372,15996.14458
11/30/2017 21:00,14.0,82.3,0.069,0.073,0.041,37803.07692,32329.33884,15886.26506
11/30/2017 21:10,13.76,83.5,0.072,0.029,0.037,37267.69231,32024.38017,15892.04819
11/30/2017 21:20,13.7,83.8,0.072,0.059,0.052,36756.92308,31697.10744,15741.68675
11/30/2017 21:30,13.65,83.9,0.071,0.048,0.056,36436.92308,31380.99174,15539.27711
11/30/2017 21:40,13.46,84.2,0.071,0.051,0.067,35920.0,30715.28926,15307.95181
11/30/2017 21:50,13.25,84.7,0.071,0.04,0.063,35803.07692,30008.67769,15065.06024
11/30/2017 22:00,13.14,85.0,0.072,0.055,0.089,35150.76923,29655.3719,14926.26506
11/30/2017 22:10,13.07,85.1,0.071,0.044,0.1,34941.53846,29450.82645,14851.08434
11/30/2017 22:20,13.04,85.4,0.072,0.048,0.096,34510.76923,29026.8595,14573.49398
11/30/2017 22:30,13.0,85.5,0.073,0.044,0.126,33803.07692,28320.24793,14284.33735
11/30/2017 22:40,12.87,85.5,0.072,0.062,0.104,33532.30769,27323.55372,14128.19277
11/30/2017 22:50,12.71,85.6,0.073,0.048,0.115,32953.84615,27178.5124,13885.3012
11/30/2017 23:00,12.65,85.9,0.074,0.037,0.104,32067.69231,26427.27273,13607.71084
11/30/2017 23:10,12.65,85.9,0.074,0.051,0.096,31347.69231,25705.78512,13301.20482
11/30/2017 23:20,12.62,86.1,0.071,0.069,0.052,30603.07692,25088.42975,13081.44578
11/30/2017 23:30,12.63,86.2,0.071,0.066,0.104,29889.23077,24571.4876,12740.24096
11/30/2017 23:40,12.56,86.1,0.071,0.066,0.078,29249.23077,23942.97521,12480.0
11/30/2017 23:50,12.21,85.9,0.073,0.029,0.13,28584.61538,23444.6281,12260.24096
12/1/2017 0:00,19.07,55.77,0.086,0.048,0.1,27680.60837,22560.29457,11887.63505
12/1/2017 0:10,18.99,56.7,0.08,0.066,0.093,27011.40684,22133.16968,11680.19208
12/1/2017 0:20,18.88,58.11,0.078,0.07,0.104,26445.62738,21488.80025,11461.22449
12/1/2017 0:30,18.78,58.98,0.08,0.04,0.1,25885.93156,20715.55692,11236.4946
12/1/2017 0:40,18.77,59.98,0.078,0.044,0.093,25277.56654,20229.51826,11040.57623
12/1/2017 0:50,18.65,60.51,0.08,0.029,0.093,24876.04563,19772.93648,10838.89556
12/1/2017 1:00,18.71,60.94,0.078,0.073,0.141,24419.77186,19378.9506,10614.16567
12/1/2017 1:10,18.83,61.58,0.077,0.051,0.082,24225.09506,19102.79227,10585.35414
12/1/2017 1:20,18.7,63.71,0.081,0.066,0.13,23641.06464,18565.20405,10377.91116
12/1/2017 1:30,18.53,65.12,0.077,0.07,0.145,23269.96198,18443.69438,10251.14046
12/1/2017 1:40,18.43,66.19,0.078,0.026,0.159,22917.11027,18027.61583,10089.79592
12/1/2017 1:50,18.31,66.72,0.078,0.044,0.167,22564.25856,17688.86161,10032.17287
12/1/2017 2:00,18.38,66.38,0.08,0.059,0.145,22406.08365,17416.38539,9939.97599
12/1/2017 2:10,18.41,65.31,0.078,0.044,0.185,22369.58175,17346.42528,9836.254502
12/1/2017 2:20,18.41,64.68,0.081,0.051,0.145,22247.90875,16992.94262,9772.869148
12/1/2017 2:30,18.27,64.84,0.078,0.048,0.137,22028.89734,16794.10862,9657.623049
12/1/2017 2:40,18.23,64.52,0.079,0.051,0.119,21882.88973,16573.18196,9623.04922
12/1/2017 2:50,18.01,65.82,0.083,0.033,0.189,21888.97338,16591.59251,9530.852341
12/1/2017 3:00,17.83,65.85,0.085,0.022,0.148,21736.88213,16396.44063,9478.991597
12/1/2017 3:10,17.71,66.45,0.081,0.026,0.122,21742.96578,16322.7984,9444.417767
12/1/2017 3:20,17.6,68.56,0.079,0.055,0.167,21682.12928,16204.97085,9478.991597
12/1/2017 3:30,17.41,69.56,0.079,0.033,0.152,21627.37643,16193.92452,9415.606242
12/1/2017 3:40,17.48,68.66,0.078,0.051,0.208,21542.20532,16208.65296,9421.368547
12/1/2017 3:50,17.61,66.79,0.079,0.048,0.141,21584.79087,16013.50107,9415.606242
12/1/2017 4:00,17.85,65.49,0.081,0.051,0.1,21572.62357,16035.59374,9455.942377
12/1/2017 4:10,18.12,61.45,0.082,0.055,0.156,21499.61977,16054.0043,9473.229292
12/1/2017 4:20,17.84,64.91,0.078,0.059,0.148,21572.62357,16035.59374,9473.229292
12/1/2017 4:30,17.7,64.41,0.08,0.062,0.141,21457.03422,16094.50752,9525.090036
12/1/2017 4:40,17.74,64.18,0.077,0.051,0.122,21420.53232,16149.73918,9386.794718
12/1/2017 4:50,17.55,65.45,0.076,0.029,0.148,21450.95057,16274.93096,9438.655462
12/1/2017 5:00,17.5,66.51,0.079,0.044,0.174,21390.11407,16245.47407,9461.704682
12/1/2017 5:10,17.37,68.52,0.079,0.055,0.152,21292.77567,16285.97729,9473.229292
12/1/2017 5:20,17.19,73.6,0.078,0.044,0.171,21402.28137,16311.75207,9484.753902
12/1/2017 5:30,16.77,75.9,0.081,0.044,0.185,21621.29278,16540.04296,9778.631453
12/1/2017 5:40,16.43,76.5,0.079,0.055,0.126,22180.98859,17103.40595,9790.156062
12/1/2017 5:50,16.26,77.3,0.082,0.018,0.174,21828.13688,16886.1614,9715.246098
12/1/2017 6:00,16.14,78.0,0.076,0.059,0.141,21809.88593,16746.24118,9496.278511
12/1/2017 6:10,15.94,79.6,0.081,0.055,0.133,22156.65399,16646.82418,9300.360144
12/1/2017 6:20,15.7,79.7,0.077,0.033,0.163,21815.96958,16359.61952,9058.343337
12/1/2017 6:30,15.6,79.6,0.08,0.04,0.133,21298.85932,15799.93863,8706.842737
12/1/2017 6:40,15.6,78.8,0.079,0.048,0.133,20234.22053,14993.55631,8268.907563
12/1/2017 6:50,15.69,78.5,0.08,0.033,0.171,19023.57414,14367.59742,7640.816327
12/1/2017 7:00,15.61,78.0,0.076,0.048,0.163,18476.04563,13855.78398,6626.65066
12/1/2017 7:10,15.51,77.9,0.078,0.026,0.189,18190.11407,13075.17643,6257.863145
12/1/2017 7:20,15.48,77.8,0.077,0.044,0.174,18269.20152,12891.07088,6200.240096
12/1/2017 7:30,15.49,77.7,0.081,0.07,0.148,18561.21673,12916.84566,6211.764706
12/1/2017 7:40,15.53,77.5,0.082,0.051,0.178,18871.48289,13229.8251,6355.822329
12/1/2017 7:50,15.44,78.0,0.081,0.282,0.363,18938.40304,13458.11599,6390.396158
12/1/2017 8:00,15.45,77.9,0.083,1.624,1.65,19339.92395,13723.22798,6522.929172
12/1/2017 8:10,15.39,78.0,0.077,4.939,4.905,19850.95057,14157.71709,6638.17527
12/1/2017 8:20,15.41,77.8,0.081,15.56,14.72,20094.29658,14617.98098,6649.69988
12/1/2017 8:30,15.46,76.5,0.079,36.77,33.05,20647.90875,14894.13931,6620.888355
12/1/2017 8:40,15.61,76.1,0.083,77.0,67.06,20921.673,15475.91286,6678.511405
12/1/2017 8:50,15.7,75.3,0.08,92.1,71.7,21280.60837,15950.90519,6828.331333
12/1/2017 9:00,15.56,75.6,0.082,98.7,61.71,21822.05323,16337.52685,7001.20048
12/1/2017 9:10,15.63,75.1,0.083,128.4,60.09,22485.1711,16952.4394,7202.881152
12/1/2017 9:20,15.82,75.0,0.081,180.7,80.1,22929.27757,17335.37895,7369.987995
12/1/2017 9:30,15.99,73.7,0.082,178.1,76.6,23714.06844,17924.51672,7565.906363
12/1/2017 9:40,16.06,73.5,0.084,194.8,78.7,24602.28137,18138.07917,7692.677071
12/1/2017 9:50,16.28,73.1,0.081,237.0,71.5,25253.23194,18535.74716,7859.783914
12/1/2017 10:00,16.37,72.7,0.08,263.9,66.82,25739.92395,19062.28905,8136.37455
12/1/2017 10:10,16.5,73.3,0.084,291.1,68.45,25819.01141,19566.73826,8245.858343
12/1/2017 10:20,16.65,73.4,0.082,316.1,70.2,26092.77567,20001.22737,8355.342137
12/1/2017 10:30,16.78,71.8,0.078,333.2,69.62,26494.29658,20100.64437,8476.35054
12/1/2017 10:40,17.03,70.9,0.083,382.2,91.0,26877.56654,20303.16048,8626.170468
12/1/2017 10:50,17.54,67.62,0.079,466.4,153.8,27084.41065,20671.37159,8752.941176
12/1/2017 11:00,17.76,67.22,0.083,506.1,174.2,27437.26236,20958.57625,8781.752701
12/1/2017 11:10,17.79,67.28,0.084,500.9,161.8,27808.36502,21319.42314,8914.285714
12/1/2017 11:20,17.74,66.58,0.084,469.4,105.4,28015.20913,21286.28414,8943.097239
12/1/2017 11:30,17.81,66.22,0.085,479.9,100.9,28142.96578,21485.11813,9023.769508
12/1/2017 11:40,17.99,64.42,0.083,482.9,81.9,28775.6654,21864.37558,9058.343337
12/1/2017 11:50,18.62,60.81,0.084,505.0,96.8,28739.1635,21845.96502,9110.204082
12/1/2017 12:00,18.88,59.75,0.082,542.7,126.2,28556.65399,21949.06413,9127.490996
12/1/2017 12:10,19.03,59.48,0.084,533.0,110.9,28246.38783,21831.23658,9173.589436
12/1/2017 12:20,18.96,59.78,0.08,514.8,77.0,28106.46388,21643.44891,9173.589436
12/1/2017 12:30,18.91,60.58,0.083,512.1,70.0,27771.86312,21588.21724,9127.490996
12/1/2017 12:40,18.99,60.01,0.083,506.5,62.06,27796.19772,21573.4888,9219.687875
